SOLVER_NAME 0,PROBLEM 1,RESTARTS 2,CONFLICTS 3,DECISIONS 4,PROPAGATIONS 5,CONF_LITS 6,EXT_VARS 7,EXT_DECISIONS 8,CONF_EXT_CLAUSES 9,LEARNT_EXT_CLAUSES 10,LEARNT_LBD 11,MEM_USED 12,CPU_TIME 13,ER0_TIME 14,ER1_TIME 15,ER2_TIME 16,ER3_TIME 17,ER4_TIME 18,SATISFIABILITY 19
maplesat,/scratch/z654liu/SAT2021-Main/5f46b414cc65b2e992e59f49d1f02be1-satch2ways12wu.cnf,381,140091,323960,53331363,4698083,0,0,0,0,,13.00,13.42,0,0,0,0,0,UNSATISFIABLE
maplesat,/scratch/z654liu/SAT2021-Main/139c1262e5901a684005ffad897aa7eb-maximum_constrained_partition_18_bits_n200.cnf,4092,2095505,5378536,1766373472,116689287,0,0,0,0,,100.00,602.219,0,0,0,0,0,SATISFIABLE
maplesat,/scratch/z654liu/SAT2021-Main/afaee41956622725cf3bb98db6ff9bbb-SC21_Timetable_C_241_E_34_Cl_16_S_13.cnf,14910,9166173,676716333,24517676101,580797639,0,0,0,0,,274.00,4995.94,0,0,0,0,0,INDETERMINATE
maplesat,/scratch/z654liu/SAT2021-Main/e4058a36518bf65fac7b0b866f139235-sp4-33-one-stri-tree-noid.cnf,2047,1094231,1425312,287016200,79505738,0,0,0,0,,37.00,133.517,0,0,0,0,0,UNSATISFIABLE
maplesat,/scratch/z654liu/SAT2021-Main/fb621b2b4a54ec0f01ac36daaa7f0f5b-HCP-470-105.cnf,57630,41527943,76132534,6427021526,1611333445,0,0,0,0,,343.00,4980.9,0,0,0,0,0,INDETERMINATE
maplesat,/scratch/z654liu/SAT2021-Main/3cff772a004fbdf616a65ec099ec7bd5-b2005-p1-12x12c10h7-Ser4-0.cnf,10238,6395866,11827957,14598401552,1443321022,0,0,0,0,,308.00,4984.47,0,0,0,0,0,INDETERMINATE
maplesat,/scratch/z654liu/SAT2021-Main/606bd8b9c178c8445d8c3fc413d46885-mp1-klieber2017s-1000-024-eq.cnf,24440,15951401,16706788,17106733145,548224643,0,0,0,0,,85.00,4998.7,0,0,0,0,0,INDETERMINATE
maplesat,/scratch/z654liu/SAT2021-Main/b63f00e3eccd98dfa7bae6c4e1e0cdd0-at-least-two-maris-s03-gripper11.cnf,6815,3873580,6928123,931464252,240326637,0,0,0,0,,56.00,283.058,0,0,0,0,0,SATISFIABLE
maplesat,/scratch/z654liu/SAT2021-Main/5fb0d1f02c02c6a7fb485707b637d7e4-bvsub_12973.smt2.cnf,3580,1841715,869246573,12833125675,13603234,0,0,0,0,,237.00,3429.02,0,0,0,0,0,UNSATISFIABLE
maplesat,/scratch/z654liu/SAT2021-Main/c1c25b65adbd9fdde56cd489ab557e71-spg_300_312.cnf,956,396571,2967631,406373760,6899485,0,0,0,0,,306.00,112.572,0,0,0,0,0,UNSATISFIABLE
maplesat,/scratch/z654liu/SAT2021-Main/b88d206fb35ef87bd7ec5d4a1430ae0c-20-100-p100-55_sat.cnf,6666,3821615,8134732,7319014606,112868214,0,0,0,0,,139.00,2256.08,0,0,0,0,0,SATISFIABLE
maplesat,/scratch/z654liu/SAT2021-Main/c50dd1b0f41a1adcdfed8d663add9428-20-100-lambda100-65_sat.cnf,5117,2907968,5837024,2152377077,67474579,0,0,0,0,,54.00,522.618,0,0,0,0,0,SATISFIABLE
maplesat,/scratch/z654liu/SAT2021-Main/3354c5f91c523cfc42dab6a40129d102-size_5_5_5_i003_r12.cnf,57340,40812370,53606442,9074316153,2373658516,0,0,0,0,,196.00,4996.27,0,0,0,0,0,INDETERMINATE
maplesat,/scratch/z654liu/SAT2021-Main/68dc114bb8e479d8cc81faed8b2fceb5-Kakuro-easy-156-ext.xml.hg_7.cnf,1022,440037,4318638,501784252,8836478,0,0,0,0,,1185.00,250.408,0,0,0,0,0,SATISFIABLE
maplesat,/scratch/z654liu/SAT2021-Main/25cfa39c61494e9e793f6c6a9ec44be3-puzzle51_unsat.cnf,20119,13402601,20522623,20957278886,581496447,0,0,0,0,,109.00,4998.33,0,0,0,0,0,INDETERMINATE
maplesat,/scratch/z654liu/SAT2021-Main/f51d3940d97c1019081744d94bf08778-MVD_ADS_S4_5_5.cnf,3,342,444,8263,1626,0,0,0,0,,66.00,0.233546,0,0,0,0,0,UNSATISFIABLE
maplesat,/scratch/z654liu/SAT2021-Main/c41c74f316a2067cc19708ce982d960a-WS_400_16_90_70.apx_0.cnf,1534,740451,939419,134238706,25793054,0,0,0,0,,17.00,68.3484,0,0,0,0,0,UNSATISFIABLE
maplesat,/scratch/z654liu/SAT2021-Main/9b81119141db098dd4bfb24a1d244e68-Kakuro-easy-051-ext.xml.hg_4.cnf,13033,8098024,13717003,5479587428,349332818,0,0,0,0,,542.00,2581.01,0,0,0,0,0,UNSATISFIABLE
maplesat,/scratch/z654liu/SAT2021-Main/50468d740d0d9cd69c43e4122014d60e-sted6_0x1e3-97.cnf,1597,760560,1231121,90412801,24617346,0,0,0,0,,16.00,46.5659,0,0,0,0,0,SATISFIABLE
maplesat,/scratch/z654liu/SAT2021-Main/fab5698f06861b62c881c77630fbcd4d-Kakuro-easy-142-ext.xml.hg_8.cnf,4988,2832123,14616284,4246272352,89719506,0,0,0,0,,1536.00,2331.76,0,0,0,0,0,SATISFIABLE
maplesat,/scratch/z654liu/SAT2021-Main/2260d28ec773357e73e5ee60aeac0f43-b2005-p1-12x12c10h7-Ser3-0.cnf,7801,4366282,9292369,15342207443,945618571,0,0,0,0,,306.00,4986.69,0,0,0,0,0,INDETERMINATE
maplesat,/scratch/z654liu/SAT2021-Main/872d022f6406e00933b831ffd05e26a0-b2005-p4-12x12c10h7-Ser3-0.cnf,8188,4592077,9171851,18496224333,934058748,0,0,0,0,,258.00,4987.17,0,0,0,0,0,INDETERMINATE
maplesat,/scratch/z654liu/SAT2021-Main/c9aeaebe08aa8abf73a800decfbc01b3-ctl_4291_567_1_unsat.cnf,14392,8932654,10852673,3495505108,176830670,0,0,0,0,,85.00,1112,0,0,0,0,0,UNSATISFIABLE
maplesat,/scratch/z654liu/SAT2021-Main/ff4b033c2a2da4100f0b1e83c49c5f80-Circuit_multiplier25.cnf,32764,21686834,24954968,2286169801,802686890,0,0,0,0,,92.00,4998.63,0,0,0,0,0,INDETERMINATE
maplesat,/scratch/z654liu/SAT2021-Main/50d081a4b18eecdd0bc120f634d57a26-randomG-n18-d05.cnf,81916,62560415,73304998,1501711187,2372826307,0,0,0,0,,178.00,4990.17,0,0,0,0,0,INDETERMINATE
maplesat,/scratch/z654liu/SAT2021-Main/3b784f7f6fab6c024647a18855f6edaf-spg_300_301.cnf,1181,564347,10132201,239828525,9950778,0,0,0,0,,476.00,95.8637,0,0,0,0,0,UNSATISFIABLE
maplesat,/scratch/z654liu/SAT2021-Main/aa296db0e5a58249734a370ef5eee0cd-at-least-two-traffic_pcb_unknown.cnf,2409,1259593,6747796,319248447,25796426,0,0,0,0,,189.00,195.725,0,0,0,0,0,UNSATISFIABLE
maplesat,/scratch/z654liu/SAT2021-Main/df6aa71659ddda7143b6e2e72d7d4675-problem_12.smt2.cnf,8191,5326876,9219408,21515484017,633577037,0,0,0,0,,138.00,4998.98,0,0,0,0,0,INDETERMINATE
maplesat,/scratch/z654liu/SAT2021-Main/62269a9d08e3592f3fd7e2c8af1e3fe9-pb_300_10_lb_06.cnf,1979,909279,1783723,690080306,35021672,0,0,0,0,,90.00,199.149,0,0,0,0,0,UNSATISFIABLE
maplesat,/scratch/z654liu/SAT2021-Main/7042dbc5432e4d78f81ec4041e10a387-mp1-blockpuzzle_9x9_s1_free8.cnf,11671,7130300,15716262,1762684530,2775289351,0,0,0,0,,533.00,1846.98,0,0,0,0,0,SATISFIABLE
maplesat,/scratch/z654liu/SAT2021-Main/887e8caf9138890d880c6f7f70474994-at-least-two-sokoban-sequential-p145-microban-sequential.030-NOTKNOWN.cnf,373,134773,1426710,488588281,154879806,0,0,0,0,,842.00,288.446,0,0,0,0,0,UNSATISFIABLE
maplesat,/scratch/z654liu/SAT2021-Main/8d0d8d3bf320c710d2691ff31032dc01-sum_of_3_cubes_145_bits_74.cnf,5249,3017919,11359403,14226278391,562789494,0,0,0,0,,420.00,4992.95,0,0,0,0,0,INDETERMINATE
maplesat,/scratch/z654liu/SAT2021-Main/85ba26d796de9ad740ce5a6813488fbc-sted2_0x1e3-216.cnf,20478,13850233,20804348,3761308243,813061327,0,0,0,0,,76.00,2100.49,0,0,0,0,0,SATISFIABLE
maplesat,/scratch/z654liu/SAT2021-Main/324b2441c6f1fa9d5f3cf3a4c8447fc7-SC21_Timetable_C_512_E_66_Cl_34_S_35.cnf,27864,18522150,2875585956,18606623423,2537570135,0,0,0,0,,473.00,4939.19,0,0,0,0,0,INDETERMINATE
maplesat,/scratch/z654liu/SAT2021-Main/88a3bb7820b1ca7f189765bb1208f34a-HCP-470-420.cnf,51673,37388490,69156087,6093959724,1526756097,0,0,0,0,,338.00,4981.11,0,0,0,0,0,INDETERMINATE
maplesat,/scratch/z654liu/SAT2021-Main/bc5b6fdc1a75e144e42d68c0fba444ad-SC21_Timetable_C_181_E_34_Cl_12_S_8.cnf,19116,12893430,376320221,21409028880,2367510335,0,0,0,0,,466.00,4994.82,0,0,0,0,0,INDETERMINATE
maplesat,/scratch/z654liu/SAT2021-Main/790152d13323c14a7a1f0759ae3b5c28-mp1-bsat210-739.cnf,9214,5819671,6712708,199656680,101700856,0,0,0,0,,39.00,526.285,0,0,0,0,0,UNSATISFIABLE
maplesat,/scratch/z654liu/SAT2021-Main/15ba9eb4b0035fb6ed11a03c7df21870-ktf_TF-6.tf_4_0.04_51.cnf,10141,6231536,10109567,25994435151,278374032,0,0,0,0,,81.00,4998.81,0,0,0,0,0,INDETERMINATE
maplesat,/scratch/z654liu/SAT2021-Main/be6c656f34ba9ada4bb10a2182a6fa88-vlsat2_142_6781.cnf,24567,16024245,21290647,21016323933,1665651826,0,0,0,0,,643.00,4988.78,0,0,0,0,0,INDETERMINATE
maplesat,/scratch/z654liu/SAT2021-Main/7f3b49026cf0ec9d2d76b0d9b2c61f8e-HCP-424-60.cnf,55216,39451655,70027365,5863068502,1473124414,0,0,0,0,,238.00,4988.47,0,0,0,0,0,INDETERMINATE
maplesat,/scratch/z654liu/SAT2021-Main/7df8389c5b329a2e118a50a94c254e7d-blocks-blocks-36-0.180-SAT.cnf,40,9322,295504,121168638,6161703,0,0,0,0,,746.00,35.3587,0,0,0,0,0,SATISFIABLE
maplesat,/scratch/z654liu/SAT2021-Main/c08b00ee4667b900f38c60ea521be6e7-ktf_TF-3.tf_4_0.04_48.cnf,12285,7500693,11726376,29289959329,284876791,0,0,0,0,,107.00,4998.69,0,0,0,0,0,INDETERMINATE
maplesat,/scratch/z654liu/SAT2021-Main/eda4aa84aeeb306468396fa82a6bba5a-pb_300_05_lb_17.cnf,254,88893,288318,199092195,10562911,0,0,0,0,,95.00,47.8049,0,0,0,0,0,SATISFIABLE
maplesat,/scratch/z654liu/SAT2021-Main/453e2197c9226f8c99b3a740c7711723-crafted_n12_d6_c3_num18.cnf,2811,1438511,2163478,2702230152,727309022,0,0,0,0,,530.00,862.001,0,0,0,0,0,UNSATISFIABLE
maplesat,/scratch/z654liu/SAT2021-Main/77b103479539a71c9fe27ac5333eea89-huck.col.11.cnf,2047,1065928,1233160,24623368,33169850,0,0,0,0,,22.00,36.0659,0,0,0,0,0,UNSATISFIABLE
maplesat,/scratch/z654liu/SAT2021-Main/67133027ab55906e3b757148ca7011dd-snw_16_9_Encpre.cnf,2846,1469629,2156838,8929530493,69966811,0,0,0,0,,157.00,2605.09,0,0,0,0,0,SATISFIABLE
maplesat,/scratch/z654liu/SAT2021-Main/cab122ecb0ca8f09d0e53eb81ac4bcf9-erin2_0x0_n207-379.cnf,8191,5069387,6163549,3166573317,153014583,0,0,0,0,,52.00,1242.25,0,0,0,0,0,SATISFIABLE
maplesat,/scratch/z654liu/SAT2021-Main/aa09403249f021450cc798cc560a14a3-prime_a20_b20.cnf,1023,509956,660387,213615679,28691578,0,0,0,0,,20.00,71.3027,0,0,0,0,0,SATISFIABLE
maplesat,/scratch/z654liu/SAT2021-Main/33e82a3b6df2b2b63291775c0133a32f-MVD_ADS_S1_5_5.cnf,4,446,569,9880,2350,0,0,0,0,,72.00,0.277869,0,0,0,0,0,UNSATISFIABLE
maplesat,/scratch/z654liu/SAT2021-Main/4a6268945652964c9b86b7c15425c0fe-spg_330_400.cnf,893,373486,5889360,265000940,5466696,0,0,0,0,,466.00,70.4142,0,0,0,0,0,UNSATISFIABLE
maplesat,/scratch/z654liu/SAT2021-Main/89b778a6b654bd3107b4fc10b3a0fdee-stb_531_83.apx_0.cnf,6766,3850542,4580202,431672492,195936419,0,0,0,0,,54.00,447.543,0,0,0,0,0,SATISFIABLE
maplesat,/scratch/z654liu/SAT2021-Main/376fa5669a710c95b0b8d4c7a798f9f0-prime_a22_b22.cnf,2010,917434,1156396,375050213,57137117,0,0,0,0,,27.00,135.457,0,0,0,0,0,SATISFIABLE
maplesat,/scratch/z654liu/SAT2021-Main/c5ae0ec49de0959cd14431ce851c14f8-Circuit_multiplier22.cnf,18430,12606842,14316053,1609849209,417959910,0,0,0,0,,104.00,4039.17,0,0,0,0,0,SATISFIABLE
maplesat,/scratch/z654liu/SAT2021-Main/a517589810ff3ef5308a694957939bea-spg_200_321.cnf,1277,600859,3623812,499692853,13475857,0,0,0,0,,221.00,134.37,0,0,0,0,0,UNSATISFIABLE
maplesat,/scratch/z654liu/SAT2021-Main/71f0b3190b8b37d31e4e800e749336da-quad_res_r34_m36.cnf,19452,13043721,16235267,12019402686,747019813,0,0,0,0,,90.00,4998.3,0,0,0,0,0,INDETERMINATE
maplesat,/scratch/z654liu/SAT2021-Main/b83b05e814486aaedb19da69fb35ece1-satch2ways14u.cnf,11105,6820770,11894456,3454482519,315052237,0,0,0,0,,86.00,1124.19,0,0,0,0,0,UNSATISFIABLE
maplesat,/scratch/z654liu/SAT2021-Main/273d42b3d97294b660745c7bc632474e-edit_distance025_450.cnf,25336,17121814,30110551,11776406059,1196742401,0,0,0,0,,129.00,4998.14,0,0,0,0,0,INDETERMINATE
maplesat,/scratch/z654liu/SAT2021-Main/ef64bc4d3c2505574e067eb50b48ffd4-HCP-522-105.cnf,59399,42537540,220410581,8114927958,1889524579,0,0,0,0,,500.00,4976.21,0,0,0,0,0,INDETERMINATE
maplesat,/scratch/z654liu/SAT2021-Main/4ba2c1aa580b6497df6baf5e7e2c87be-at-least-two-vmpc_28.cnf,8188,4600490,7987358,662266143,149986030,0,0,0,0,,56.00,241.177,0,0,0,0,0,SATISFIABLE
maplesat,/scratch/z654liu/SAT2021-Main/b72179b73f013a009f4bb68c4bf31c8b-Kakuro-easy-104-ext.xml.hg_6.cnf,892,368882,3148653,393358660,7681801,0,0,0,0,,861.00,293.381,0,0,0,0,0,SATISFIABLE
maplesat,/scratch/z654liu/SAT2021-Main/79d2eae74f2b790d821578d9b7f675c0-Mycielski-10-hints-6.cnf,34298,25296644,52439609,7411340629,3109298066,0,0,0,0,,256.00,4986.67,0,0,0,0,0,INDETERMINATE
maplesat,/scratch/z654liu/SAT2021-Main/1a3320d3cf32f211b3e7b875745713e2-sokoban-p20.sas.cr.21.cnf,1278,611093,2195099,2935571555,310209684,0,0,0,0,,298.00,1883.75,0,0,0,0,0,UNSATISFIABLE
maplesat,/scratch/z654liu/SAT2021-Main/5e933a625099cc1ec6a8299a7848a2ae-Kakuro-easy-112-ext.xml.hg_7.cnf,907,380303,3755806,485400517,7866024,0,0,0,0,,1219.00,239.215,0,0,0,0,0,SATISFIABLE
maplesat,/scratch/z654liu/SAT2021-Main/772102b16ea3acaf7b516714b146b6ca-13pipe_k.cnf,16383,10954808,166169612,17530777431,5399241237,0,0,0,0,,2230.00,4982.76,0,0,0,0,0,INDETERMINATE
maplesat,/scratch/z654liu/SAT2021-Main/d328c11941d27fcabc1688663bdc64ea-erin2_0x1e3-216.cnf,32765,21845809,32402026,6373880851,1070743550,0,0,0,0,,146.00,4099.43,0,0,0,0,0,SATISFIABLE
maplesat,/scratch/z654liu/SAT2021-Main/65138afdf7eb054be5131f2b0de84369-satch2ways12u.cnf,381,140091,323960,53331363,4698083,0,0,0,0,,14.00,12.7239,0,0,0,0,0,UNSATISFIABLE
maplesat,/scratch/z654liu/SAT2021-Main/60e3c2ba930b94c6b300ceeaf0ea5831-20-100-frag12-0_sat.cnf,10236,6292462,15433943,2831953378,98520154,0,0,0,0,,130.00,756.725,0,0,0,0,0,SATISFIABLE
maplesat,/scratch/z654liu/SAT2021-Main/f4a15cbf0cc8bc993e29f82e7d8e9563-HCP-529-60.cnf,21373,14317911,82533038,2516315058,528870915,0,0,0,0,,276.00,1051.71,0,0,0,0,0,SATISFIABLE
maplesat,/scratch/z654liu/SAT2021-Main/29b7d5a498eff7a98fcd03a273eaeba3-Kakuro-easy-132-ext.xml.hg_8.cnf,4988,2834225,16267253,4210599269,81899259,0,0,0,0,,1955.00,2161.75,0,0,0,0,0,SATISFIABLE
maplesat,/scratch/z654liu/SAT2021-Main/a8b6af92314b321b3614ded2da24b2dd-ecarev-110-4099-22-30-4.cnf,8189,4619611,38101049,1082730676,106459906,0,0,0,0,,295.00,680.32,0,0,0,0,0,SATISFIABLE
maplesat,/scratch/z654liu/SAT2021-Main/bd9c3ce8c75df3a94eda414514ac5b3a-php14e14.cnf,127896,96737493,111977723,2240197202,4179166239,0,0,0,0,,285.00,4984.89,0,0,0,0,0,INDETERMINATE
maplesat,/scratch/z654liu/SAT2021-Main/79c0df739ce3d7895fc546a69dca4f3e-pb_300_05_lb_16.cnf,764,312197,894522,693167674,41442454,0,0,0,0,,160.00,177.165,0,0,0,0,0,SATISFIABLE
maplesat,/scratch/z654liu/SAT2021-Main/b023ea0eb9adbd9182c01d7e2d443289-mp1-tri_ali_s11_c35_bail_UNS.cnf,3320,1718372,2117648,106516703,24563314,0,0,0,0,,16.00,63.8668,0,0,0,0,0,UNSATISFIABLE
maplesat,/scratch/z654liu/SAT2021-Main/068c64314f0f8405bc28bb4c52647145-sokoban-p20.sas.cr.27.cnf,2588,1366124,5059537,7091272808,1232770860,0,0,0,0,,340.00,4991.59,0,0,0,0,0,INDETERMINATE
maplesat,/scratch/z654liu/SAT2021-Main/5bc585c5aaba7f9f8faae4cfd1e6b5e8-sted4_0x0_n159-185.cnf,4094,2244537,2785823,1057435037,89167210,0,0,0,0,,45.00,411.094,0,0,0,0,0,SATISFIABLE
maplesat,/scratch/z654liu/SAT2021-Main/3aef3d8d02941ba7ddb18adc128259ae-php12e12.cnf,120015,91601903,105550775,1800508497,3041942600,0,0,0,0,,215.00,4988.26,0,0,0,0,0,INDETERMINATE
maplesat,/scratch/z654liu/SAT2021-Main/3bdc1cbc7fde3c8f1ca958dc82a75b72-puzzle39_sat.cnf,18430,12601817,16549309,21416361567,536360761,0,0,0,0,,108.00,4998.08,0,0,0,0,0,INDETERMINATE
maplesat,/scratch/z654liu/SAT2021-Main/c879ee8f60ca65a013da7774277e489e-randomG-n19-d05.cnf,85271,65725453,78256996,1591744699,2909715581,0,0,0,0,,240.00,4988.41,0,0,0,0,0,INDETERMINATE
maplesat,/scratch/z654liu/SAT2021-Main/8b505c40281af4d91b4fe7ccd717be9a-spg_400_281.cnf,510,199651,2530266,110267533,2522476,0,0,0,0,,397.00,34.6688,0,0,0,0,0,UNSATISFIABLE
maplesat,/scratch/z654liu/SAT2021-Main/5593b61a1be6e0598236534041e71e74-spg_420_350.cnf,701,292607,3221945,239760405,4327892,0,0,0,0,,461.00,71.6478,0,0,0,0,0,UNSATISFIABLE
maplesat,/scratch/z654liu/SAT2021-Main/166e1e5a9f63fcf94ddae8533fa2a090-mp1-squ_any_s09x07_c27_abix_UNS.cnf,11131,6832191,7903302,763951489,132568935,0,0,0,0,,32.00,449.989,0,0,0,0,0,UNSATISFIABLE
maplesat,/scratch/z654liu/SAT2021-Main/ac3e3bb744e258282990aa4307c08cb8-E00X23.cnf,28088,18617512,30931133,9716916707,3020309307,0,0,0,0,,492.00,4971.45,0,0,0,0,0,INDETERMINATE
maplesat,/scratch/z654liu/SAT2021-Main/65a5bf7228eb1d89159bc7aa431931b9-puzzle44_unsat.cnf,19448,13022349,18080102,19555416975,515409736,0,0,0,0,,100.00,4998.29,0,0,0,0,0,INDETERMINATE
maplesat,/scratch/z654liu/SAT2021-Main/10b460a4da6a4e199e946788a374032b-HCP-470-60.cnf,49150,35929964,67432181,5523304289,1428178489,0,0,0,0,,273.00,4982.23,0,0,0,0,0,INDETERMINATE
maplesat,/scratch/z654liu/SAT2021-Main/872eecaa7109fe1e31a510c903e9f877-ak128paralparalisc.cnf,3335,1744334,15512042,15599711282,1231113596,0,0,0,0,,506.00,4993.38,0,0,0,0,0,INDETERMINATE
maplesat,/scratch/z654liu/SAT2021-Main/24075575c3dbd9e9eae948dd2241b029-UR-15-10p0.cnf,1019,414866,1403124,4417204810,167012074,0,0,0,0,,330.00,1696.83,0,0,0,0,0,UNSATISFIABLE
maplesat,/scratch/z654liu/SAT2021-Main/5696ebc151f271257ba3a98782667932-string_compare_safety_cbmc_unwinding_780.cnf,617,259816,13248218,6840325040,390313658,0,0,0,0,,3328.00,4980.22,0,0,0,0,0,INDETERMINATE
maplesat,/scratch/z654liu/SAT2021-Main/e8c79a0ee6be39b6b2211c9a527c192a-randomG-n20-d05.cnf,89654,68314295,80413547,1847577463,3161078305,0,0,0,0,,238.00,4987.33,0,0,0,0,0,INDETERMINATE
maplesat,/scratch/z654liu/SAT2021-Main/b3cf73d0383f781adf09a2192fa03a15-string_compare_safety_cbmc_unwinding_670.cnf,580,250666,10611593,7795671711,169270852,0,0,0,0,,2324.00,4474.12,0,0,0,0,0,UNSATISFIABLE
maplesat,/scratch/z654liu/SAT2021-Main/167b736959aa8c9e5d38409755277a53-vlsat2_56_1042.cnf,38908,28088159,35406893,13827384450,2824456982,0,0,0,0,,390.00,4982.47,0,0,0,0,0,INDETERMINATE
maplesat,/scratch/z654liu/SAT2021-Main/a8c50e130aa5eb28d4b66b205a9d718a-mp1-blockpuzzle_9x9_s5_free3.cnf,3581,1856178,3187637,569049025,395437247,0,0,0,0,,181.00,373.663,0,0,0,0,0,UNSATISFIABLE
maplesat,/scratch/z654liu/SAT2021-Main/ae17bcd042e6140aa72a2cd9f4c42b9c-vlsat2_37758_5364539.dimacs.cnf,2,104,17311,94805,27348,0,0,0,0,,215.00,1.33431,0,0,0,0,0,SATISFIABLE
maplesat,/scratch/z654liu/SAT2021-Main/6b6dd0a8429c4ac10d5a662f8d3fed95-HCP-446-60.cnf,50106,36483279,65800660,5335940468,1395190555,0,0,0,0,,288.00,4986.02,0,0,0,0,0,INDETERMINATE
maplesat,/scratch/z654liu/SAT2021-Main/82cad197a0b7919f1f51ec51f7267e6f-ex095_8.cnf,9725,6056985,15891740,18341760088,193759035,0,0,0,0,,1210.00,4988.26,0,0,0,0,0,INDETERMINATE
maplesat,/scratch/z654liu/SAT2021-Main/070fde310eca4ddf6967896052efcb30-at-least-two-smtlib-qfbv-aigs-ext_con_032_008_0256-tseitin.cnf,60,13609,950225,22531656,1208219,0,0,0,0,,38.00,5.05794,0,0,0,0,0,UNSATISFIABLE
maplesat,/scratch/z654liu/SAT2021-Main/000a41cdca43be89ed62ea3abf2d0b64-snw_13_9_pre.cnf,382,144817,373668,265443848,5119984,0,0,0,0,,91.00,64.5032,0,0,0,0,0,SATISFIABLE
maplesat,/scratch/z654liu/SAT2021-Main/4ef35e8c7b387e8c2fff1f552a04e3a2-LABS_n068_goal001.cnf,2302,1228096,1698360,16251222019,64265524,0,0,0,0,,90.00,4997.37,0,0,0,0,0,INDETERMINATE
maplesat,/scratch/z654liu/SAT2021-Main/9862d27fe2528635f363e0f7645b2c53-Circuit_multiplier53.cnf,26845,18010225,20489971,2152868432,659735475,0,0,0,0,,123.00,4998.69,0,0,0,0,0,INDETERMINATE
maplesat,/scratch/z654liu/SAT2021-Main/bcb2104a3558d87ac3b2107c10d54648-mp1-blockpuzzle_5x12_s6_free3.cnf,5373,3069805,4809316,624154440,639062929,0,0,0,0,,167.00,581.047,0,0,0,0,0,UNSATISFIABLE
maplesat,/scratch/z654liu/SAT2021-Main/03a43a7ea55217f53542ed3f029963af-satch2ways16w.cnf,24574,16799627,23441449,7799786194,1051855820,0,0,0,0,,201.00,4995.23,0,0,0,0,0,INDETERMINATE
maplesat,/scratch/z654liu/SAT2021-Main/90fda6e7338d52aeb796636fde412daf-battleship-12-12-unsat.cnf,3651,1891934,2266712,37793944,64213840,0,0,0,0,,34.00,102.685,0,0,0,0,0,UNSATISFIABLE
maplesat,/scratch/z654liu/SAT2021-Main/7029fb4ec7af44f5962539a33e55645e-bvsub_08985.smt2.cnf,2302,1226818,261859958,4247533460,9063176,0,0,0,0,,170.00,1263.66,0,0,0,0,0,UNSATISFIABLE
maplesat,/scratch/z654liu/SAT2021-Main/8932cf87c4dfe7aeab8b3ca55eebee64-MVD_ADS_S5_6_6.cnf,14,2026,2431,31131,14336,0,0,0,0,,66.00,0.675795,0,0,0,0,0,UNSATISFIABLE
maplesat,/scratch/z654liu/SAT2021-Main/01135f7a79d555bd0406f00fac22cbe2-SC21_Timetable_C_140_E_29_Cl_10_S_15.cnf,49149,35193356,126406487,13242869599,3442818955,0,0,0,0,,285.00,4994.75,0,0,0,0,0,INDETERMINATE
maplesat,/scratch/z654liu/SAT2021-Main/05e5b5a37a0d7cb5e96c82b84bbdca66-Mycielski-11-hints-3.cnf,14935,9174077,11983755,3128903606,454525711,0,0,0,0,,350.00,1041.8,0,0,0,0,0,UNSATISFIABLE
maplesat,/scratch/z654liu/SAT2021-Main/140aa37221467a66d5711b760a19ee0f-ktf_TF-8.tf_4_0.02_37.cnf,6397,3679933,5907066,27801538302,125735034,0,0,0,0,,66.00,4998.74,0,0,0,0,0,INDETERMINATE
maplesat,/scratch/z654liu/SAT2021-Main/d5453d6d31f33a310ce34ee4bcfcbe50-prime_a24_b24.cnf,17403,11899642,13504628,5526548491,918142581,0,0,0,0,,87.00,3619.82,0,0,0,0,0,SATISFIABLE
maplesat,/scratch/z654liu/SAT2021-Main/69b0601bae0398d5a96942f725708fc3-20-100-p100-55_unsat.cnf,10712,6631233,13174349,12505456163,189708099,0,0,0,0,,151.00,4996.17,0,0,0,0,0,INDETERMINATE
maplesat,/scratch/z654liu/SAT2021-Main/b9ed6fd14f4fc969ec966a4b54c36872-n320p5q2_n.apx_16.cnf,764,311624,508324,24841138,53311626,0,0,0,0,,39.00,40.1555,0,0,0,0,0,SATISFIABLE
maplesat,/scratch/z654liu/SAT2021-Main/6a3cc897a1b02977a34988536d887280-sted12a_0x1e1-67.cnf,30715,20292518,26319511,1797384778,755528336,0,0,0,0,,89.00,3389.84,0,0,0,0,0,SATISFIABLE
maplesat,/scratch/z654liu/SAT2021-Main/4b65652b89a4cf69d9aaeba0aff08ffe-at-least-two-aaai10-planning-ipc5-pathways-17-step20.cnf,4095,2377958,13935308,4714687845,278112965,0,0,0,0,,176.00,1119.34,0,0,0,0,0,UNSATISFIABLE
maplesat,/scratch/z654liu/SAT2021-Main/594129eb92220cd847e7073b03840458-9dlx_vliw_at_b_iq5.cnf,20474,13549978,502704308,13599081130,2602338639,0,0,0,0,,575.00,4980.25,0,0,0,0,0,INDETERMINATE
maplesat,/scratch/z654liu/SAT2021-Main/be6bce96bab9cec47b58b6c68c9a1c89-9dlx_vliw_at_b_iq8.cnf,9356,5892793,491314661,14194629101,1201055952,0,0,0,0,,1428.00,4988.13,0,0,0,0,0,INDETERMINATE
maplesat,/scratch/z654liu/SAT2021-Main/99ec9d5e50f24301638101b2a7dba6e0-sum_of_3_cubes_76_bits_84.cnf,5267,3021918,6082243,14066979267,429772042,0,0,0,0,,154.00,4993.1,0,0,0,0,0,INDETERMINATE
maplesat,/scratch/z654liu/SAT2021-Main/cfc5b08fa24149afb9a67426dbe871e9-WS_500_32_30_10.apx_0.cnf,4675,2711808,3981745,490541387,122433046,0,0,0,0,,45.00,347.485,0,0,0,0,0,UNSATISFIABLE
maplesat,/scratch/z654liu/SAT2021-Main/e6ebcf156dfca54a7881190a14a330fa-Kakuro-easy-150-ext.xml.hg_9.cnf,511,226222,2470962,335074790,4228458,0,0,0,0,,1247.00,227.894,0,0,0,0,0,SATISFIABLE
maplesat,/scratch/z654liu/SAT2021-Main/e8408d02568ac7214d2d4cad6d59e9bf-vlsat2_144_7585.cnf,16380,10037344,11935391,14796848440,751659972,0,0,0,0,,604.00,4985.54,0,0,0,0,0,INDETERMINATE
maplesat,/scratch/z654liu/SAT2021-Main/82c08db7bcd7fabf2b08e8f10937af3e-bvsmod_18.smt2.cnf,28669,19093615,22896735,10543812014,1086875407,0,0,0,0,,150.00,4998.08,0,0,0,0,0,INDETERMINATE
maplesat,/scratch/z654liu/SAT2021-Main/e0617083b92213c14131866cfee57dfb-vlsat2_11_42.cnf,65529,46046987,61248207,5307543226,4129591622,0,0,0,0,,399.00,4982.79,0,0,0,0,0,INDETERMINATE
maplesat,/scratch/z654liu/SAT2021-Main/5a9ce84a8725164c40c90d2eb420bad9-sted5_0x0_n90-157.cnf,4222,2502688,3108934,915662589,88981093,0,0,0,0,,41.00,426.126,0,0,0,0,0,SATISFIABLE
maplesat,/scratch/z654liu/SAT2021-Main/334aa882de28856fc8c75885285d2a3c-HCP-446-105.cnf,52759,37963484,67381876,6538840061,1464988364,0,0,0,0,,257.00,4988.19,0,0,0,0,0,INDETERMINATE
maplesat,/scratch/z654liu/SAT2021-Main/c07b76b106bb3c412377bc2564b93022-Sz512_15128_1.smt2.cnf,8190,4785341,6864933,2924619160,254465723,0,0,0,0,,61.00,815.763,0,0,0,0,0,SATISFIABLE
maplesat,/scratch/z654liu/SAT2021-Main/d646d69fe2f66663f380a6d742bbb38a-string_compare_safety_cbmc_unwinding_800.cnf,644,276418,15525199,7868705756,306076386,0,0,0,0,,2426.00,4907.09,0,0,0,0,0,INDETERMINATE
maplesat,/scratch/z654liu/SAT2021-Main/c79f5efa4fdcf594b4169106d04b3e86-LABS_n069_goal001.cnf,2301,1214697,1698843,16527607629,66725926,0,0,0,0,,91.00,4998.8,0,0,0,0,0,INDETERMINATE
maplesat,/scratch/z654liu/SAT2021-Main/8390dca257561c53bf4eb6e158a2285f-mp1-klieber2017s-0490-024-t12.cnf,4095,2305706,2476505,12098570560,76301266,0,0,0,0,,35.00,2811.96,0,0,0,0,0,SATISFIABLE
maplesat,/scratch/z654liu/SAT2021-Main/66ab346df72c5effa292342037bc3909-snw_13_8_pre.cnf,5245,3012905,4052423,5672355850,104341978,0,0,0,0,,89.00,1602.28,0,0,0,0,0,UNSATISFIABLE
maplesat,/scratch/z654liu/SAT2021-Main/8ab56bb3b674e4afae5a61b2bf3a747a-satch2ways15.cnf,16698,11597029,15832438,5336407512,622607428,0,0,0,0,,155.00,2808.04,0,0,0,0,0,UNSATISFIABLE
maplesat,/scratch/z654liu/SAT2021-Main/4c6e57f5552d546278e192b6e332635a-SE_PR_WS_500_16_70_10.apx_0.cnf,27132,18172199,22880948,3753727659,783640495,0,0,0,0,,89.00,4129.09,0,0,0,0,0,SATISFIABLE
maplesat,/scratch/z654liu/SAT2021-Main/28aeefb8abe1d29211552650e14e7579-bv-term-small-rw_1294.smt2.cnf,,,,,,0,0,0,0,,,,0,0,0,0,0,INDETERMINATE
maplesat,/scratch/z654liu/SAT2021-Main/b5c3e33e90f4c95502754c7e2e92a6d2-randomG-B-Mix-n16-d05.cnf,8191,5139479,5921204,200946866,156081816,0,0,0,0,,53.00,287.725,0,0,0,0,0,UNSATISFIABLE
maplesat,/scratch/z654liu/SAT2021-Main/0240f5bddc39ad2f0a786c811fc434a8-SC21_Timetable_C_542_E_71_Cl_36_S_35.cnf,4094,2188138,1541964249,9596187911,137760934,0,0,0,0,,348.00,2426.94,0,0,0,0,0,SATISFIABLE
maplesat,/scratch/z654liu/SAT2021-Main/587ac25d93492c61eebb72cb258ba173-mp1-blockpuzzle_5x10_s5_free3.cnf,2045,960065,1375231,155982214,129243489,0,0,0,0,,79.00,109.675,0,0,0,0,0,UNSATISFIABLE
maplesat,/scratch/z654liu/SAT2021-Main/99f78e77c6b2198f95424cee8234557d-toughsat_factoring_426s.cnf,3581,1850435,2120606,653570156,70170366,0,0,0,0,,26.00,258.097,0,0,0,0,0,SATISFIABLE
maplesat,/scratch/z654liu/SAT2021-Main/e9674dde824d0e269ad80b9659b1b431-HCP-446-420.cnf,49150,35673285,63720320,6422786561,1402815249,0,0,0,0,,223.00,4984.14,0,0,0,0,0,INDETERMINATE
maplesat,/scratch/z654liu/SAT2021-Main/3a81b9d45f7bdbe5fec702d1f1aa5c12-MVD_ADS_S3_5_5.cnf,5,514,678,10244,2576,0,0,0,0,,77.00,0.373283,0,0,0,0,0,UNSATISFIABLE
maplesat,/scratch/z654liu/SAT2021-Main/3c15c8fb5153b9d758a9eb16c66adc5d-WS_500_16_70_10.apx_0.cnf,11514,7055404,8416034,1058431242,337860475,0,0,0,0,,56.00,1191.74,0,0,0,0,0,SATISFIABLE
maplesat,/scratch/z654liu/SAT2021-Main/02404a08ea36dd43362bbddc578c839d-ctl_4201_555_unsat.cnf,14937,9175372,11288442,3599306375,179536113,0,0,0,0,,97.00,1261.81,0,0,0,0,0,UNSATISFIABLE
maplesat,/scratch/z654liu/SAT2021-Main/128fdc03329b57efb97c3cdf6ed7e35d-10pipe_k.cnf,22779,15164215,143190415,16232707639,7312430598,0,0,0,0,,1696.00,4962.74,0,0,0,0,0,INDETERMINATE
maplesat,/scratch/z654liu/SAT2021-Main/effa19cc18a6c3faca19761028bb0a0e-SC21_Timetable_C_121_E_34_Cl_8_S_4.cnf,26621,17858245,219348641,19750416851,3631978405,0,0,0,0,,366.00,4984.52,0,0,0,0,0,INDETERMINATE
maplesat,/scratch/z654liu/SAT2021-Main/3f9fdded562e5b47d8b3dbcf4271a6ce-Mycielski-10-hints-7.cnf,49150,35264775,74062530,9959894777,3959752232,0,0,0,0,,261.00,4978.79,0,0,0,0,0,INDETERMINATE
maplesat,/scratch/z654liu/SAT2021-Main/3dbec93f8c175baca8de46833656c7bf-puzzle36_sat.cnf,20863,14089887,18434865,18922942407,481048994,0,0,0,0,,96.00,4994.64,0,0,0,0,0,INDETERMINATE
maplesat,/scratch/z654liu/SAT2021-Main/3e484a82136768ef3f36517dfdb509d6-Mycielski-10-hints-5.cnf,44410,31714045,65722699,9037522035,3894144678,0,0,0,0,,281.00,4981,0,0,0,0,0,INDETERMINATE
maplesat,/scratch/z654liu/SAT2021-Main/62608c18d84e69d2b71f0048f6cb80be-ex045_7.cnf,11276,6973861,27057380,16079932315,258425859,0,0,0,0,,1219.00,4986.38,0,0,0,0,0,INDETERMINATE
maplesat,/scratch/z654liu/SAT2021-Main/9bd299393602718a39efb1dd62fbe1a3-UR-20-5p1.cnf,1026,513436,1775767,3446764302,179339005,0,0,0,0,,252.00,1630.17,0,0,0,0,0,SATISFIABLE
maplesat,/scratch/z654liu/SAT2021-Main/52d6e2f25ada36c0b802f544b084a140-20-100-lambda100-89_unsat.cnf,20478,13779861,23461199,9324203946,278533417,0,0,0,0,,128.00,3696.48,0,0,0,0,0,UNSATISFIABLE
maplesat,/scratch/z654liu/SAT2021-Main/d42c9f674dcabd62a43c0d4b9b495c2a-sted1_0x0-380.cnf,21946,14619901,21907162,7870880280,1043787103,0,0,0,0,,162.00,4995.84,0,0,0,0,0,INDETERMINATE
maplesat,/scratch/z654liu/SAT2021-Main/6d2916a0453dcc757ce187fe29c863aa-blocks-blocks-37-1.120-NOTKNOWN.cnf,117,31803,286282,305144933,39126034,0,0,0,0,,489.00,171.105,0,0,0,0,0,UNSATISFIABLE
maplesat,/scratch/z654liu/SAT2021-Main/c502ef60c01f7ce1f3fb241b08253e81-barman-pfile10-039.sas.ex.15.cnf,356,130989,655125,406005283,11669432,0,0,0,0,,804.00,145.081,0,0,0,0,0,UNSATISFIABLE
maplesat,/scratch/z654liu/SAT2021-Main/7ecf9c45c29d706fd0020fbf177e6809-Mycielski-10-hints-10.cnf,3452,1782911,3025179,400523805,72927146,0,0,0,0,,101.00,123.622,0,0,0,0,0,UNSATISFIABLE
maplesat,/scratch/z654liu/SAT2021-Main/df4aa7724f377245d82486ada37910de-SC21_Timetable_C_140_E_32_Cl_30_S_10.cnf,49150,35380962,124701732,13185593558,3529450352,0,0,0,0,,286.00,4986.11,0,0,0,0,0,INDETERMINATE
maplesat,/scratch/z654liu/SAT2021-Main/3e40fa8f358f7cd6fa72f3826d2cc74d-quad_res_r28_m29.cnf,24058,15777709,17662226,10100833138,634882696,0,0,0,0,,88.00,4999.15,0,0,0,0,0,INDETERMINATE
maplesat,/scratch/z654liu/SAT2021-Main/aad5bbe8920c5afc84068bb1da27ee8f-LABS_n041_goal003.cnf,9035,5686734,6378179,22789722505,214769758,0,0,0,0,,63.00,4999.23,0,0,0,0,0,INDETERMINATE
maplesat,/scratch/z654liu/SAT2021-Main/29e101b66dfddb440e974b9feec5b1aa-spg_200_307.cnf,1020,419540,2499840,271937888,8185629,0,0,0,0,,196.00,77.8524,0,0,0,0,0,UNSATISFIABLE
maplesat,/scratch/z654liu/SAT2021-Main/25cc054738293c0d9377d7b72b78a341-string_compare_safety_cbmc_unwinding_900.cnf,,,,,,0,0,0,0,,,,0,0,0,0,0,INDETERMINATE
maplesat,/scratch/z654liu/SAT2021-Main/32a7129c1bf7922f8cfa7748db5b5268-b2005-p3-14x14c17h9-Ser3-0.cnf,2045,973774,4712847,10043437588,129519210,0,0,0,0,,1613.00,4986.27,0,0,0,0,0,INDETERMINATE
maplesat,/scratch/z654liu/SAT2021-Main/4513c58c16e72a34f9f8518db7baeb9e-ktf_TF-3.tf_3_0.02_24.cnf,2043,931090,1450683,4554166988,22697903,0,0,0,0,,29.00,810.095,0,0,0,0,0,UNSATISFIABLE
maplesat,/scratch/z654liu/SAT2021-Main/2285ff99f985f8f926d5159299cc8787-73.smt2.cnf,6142,3516783,5918528,13788632204,207968908,0,0,0,0,,82.00,3269.09,0,0,0,0,0,UNSATISFIABLE
maplesat,/scratch/z654liu/SAT2021-Main/a45d7a611305683a8db8c385ac7cee31-vlsat2_11_26.cnf,65534,48876272,55591075,2827366599,3278011070,0,0,0,0,,259.00,4991.44,0,0,0,0,0,INDETERMINATE
maplesat,/scratch/z654liu/SAT2021-Main/141919813972d24c105018164e96cb1e-edit_distance023_281.cnf,27639,18353777,30157384,12659077606,1005077085,0,0,0,0,,118.00,4998.36,0,0,0,0,0,INDETERMINATE
maplesat,/scratch/z654liu/SAT2021-Main/dc3854d1f6db34fa97596ac30204627c-ktf_TF-1.tf_3_0.02_34.cnf,8957,5657493,9130567,28274512739,291561063,0,0,0,0,,107.00,4998.83,0,0,0,0,0,INDETERMINATE
maplesat,/scratch/z654liu/SAT2021-Main/338bbefd31a527548666d5cee1aadaeb-rpoc_xits_10_UNKNOWN.cnf,39420,28442648,38769253,5789604435,1427993830,0,0,0,0,,188.00,4994.17,0,0,0,0,0,INDETERMINATE
maplesat,/scratch/z654liu/SAT2021-Main/0f877a1f984f35fdfdce011cb7152123-bvurem_20.smt2.cnf,31739,20897041,25484414,9060792586,1093769042,0,0,0,0,,132.00,4996.74,0,0,0,0,0,INDETERMINATE
maplesat,/scratch/z654liu/SAT2021-Main/51d9e3f41c95dfe6e1b73a525b8784be-sted2_0x0-343.cnf,8191,5013734,6732514,1589474815,217027891,0,0,0,0,,63.00,972.919,0,0,0,0,0,SATISFIABLE
maplesat,/scratch/z654liu/SAT2021-Main/8833e4051c5a45aa3d704469f9f20908-MVD_ADS_S10_6_6.cnf,15,2617,3303,42016,17367,0,0,0,0,,46.00,0.730226,0,0,0,0,0,UNSATISFIABLE
maplesat,/scratch/z654liu/SAT2021-Main/1a3254cb7b54789fdd4d56bfaaa38df7-satch2ways18wu.cnf,28410,18780614,35707112,10002495797,1519262421,0,0,0,0,,207.00,4991.06,0,0,0,0,0,INDETERMINATE
maplesat,/scratch/z654liu/SAT2021-Main/97f2d368a05228364b444ce71c1a5a24-sp5-21-15-una-stri-flat-noid.cnf,1404,651307,1220828,226348864,73064599,0,0,0,0,,28.00,90.1871,0,0,0,0,0,SATISFIABLE
maplesat,/scratch/z654liu/SAT2021-Main/cc813d033d2b735cf872a7568eacda24-ecarev-110-1031-23-40-8.cnf,8191,5273484,13362796,773275691,190975872,0,0,0,0,,283.00,669.334,0,0,0,0,0,SATISFIABLE
maplesat,/scratch/z654liu/SAT2021-Main/0107f34364dfff8ab062193b2c71b4de-sp4-33-bin-nons-flat-noid.cnf,3579,1831648,2233598,91109621,213616025,0,0,0,0,,78.00,377.251,0,0,0,0,0,UNSATISFIABLE
maplesat,/scratch/z654liu/SAT2021-Main/a7aac5c83f236fd8b3de3275e3f5499d-edit_distance041_183.cnf,2047,1108011,2279747,1023472625,38868432,0,0,0,0,,74.00,282.074,0,0,0,0,0,UNSATISFIABLE
maplesat,/scratch/z654liu/SAT2021-Main/2925ee90763e08b2f7e79c7c713c86b9-at-least-two-ibm-2004-23-k100.cnf,4095,2448168,62076243,5843203254,129558956,0,0,0,0,,357.00,1853.77,0,0,0,0,0,SATISFIABLE
maplesat,/scratch/z654liu/SAT2021-Main/bf423e868f17d482233adb880abfb92a-sp5-26-19-bin-stri-flat-noid.cnf,16892,11672092,21849962,4739717589,1023553128,0,0,0,0,,93.00,2472.09,0,0,0,0,0,SATISFIABLE
maplesat,/scratch/z654liu/SAT2021-Main/e823071e58960a155122139ab4d0f44a-vlsat2_51_824.cnf,39930,28653581,38632324,12924112725,3280162127,0,0,0,0,,390.00,4982.84,0,0,0,0,0,INDETERMINATE
maplesat,/scratch/z654liu/SAT2021-Main/52d591859e2047fa6c804d6424c55c74-satch2ways16.cnf,25978,17464004,24561830,8105289486,1093224233,0,0,0,0,,205.00,4995.3,0,0,0,0,0,INDETERMINATE
maplesat,/scratch/z654liu/SAT2021-Main/25ba6d2b7503d699ee95bf4bcd0864c5-quad_res_r37_m39.cnf,16894,11708655,15123226,12554244436,726978892,0,0,0,0,,95.00,4998.39,0,0,0,0,0,INDETERMINATE
maplesat,/scratch/z654liu/SAT2021-Main/6b1d903a4f4178e0b3bb7dc2c8a98be6-puzzle37_unsat.cnf,21817,14572205,18738472,20872801321,482315491,0,0,0,0,,107.00,4998.26,0,0,0,0,0,INDETERMINATE
maplesat,/scratch/z654liu/SAT2021-Main/b1770a04ee8e33b42f589e31da819ad5-bvsmod_19.smt2.cnf,30905,20460515,24721066,11404089003,1276046366,0,0,0,0,,153.00,4997.69,0,0,0,0,0,INDETERMINATE
maplesat,/scratch/z654liu/SAT2021-Main/89a3094a7829d3b9564944beaa931645-spg_200_300.cnf,1533,713480,9668387,519160919,11885119,0,0,0,0,,279.00,140.63,0,0,0,0,0,UNSATISFIABLE
maplesat,/scratch/z654liu/SAT2021-Main/2ba50be551d72853ba662e11371b24c1-at-least-two-traffic_b_unsat.cnf,2100,1140299,5652715,281455419,24045630,0,0,0,0,,159.00,156.402,0,0,0,0,0,UNSATISFIABLE
maplesat,/scratch/z654liu/SAT2021-Main/ba5451cace1bb09e2d36b9f34c19146e-ctl_4291_567_6_unsat_pre.cnf,33338,24842575,30834841,13813592186,512646264,0,0,0,0,,133.00,5325.07,0,0,0,0,0,INDETERMINATE
maplesat,/scratch/z654liu/SAT2021-Main/1335cf5a529c51c86733b20450a41ac1-p01_lb_05.cnf,511,226266,373136,93026497,8715269,0,0,0,0,,21.00,25.9435,0,0,0,0,0,UNSATISFIABLE
maplesat,/scratch/z654liu/SAT2021-Main/9ef9243ff051b32795890fccd6c3f6b2-sum_of_3_cubes_50_bits_91.cnf,8191,4943439,6527677,19106791145,526531313,0,0,0,0,,110.00,4999.2,0,0,0,0,0,INDETERMINATE
maplesat,/scratch/z654liu/SAT2021-Main/5a7042323ef6e8a5c06845289e668def-sted1_0x0-637.cnf,8190,4913652,7144197,2329820661,229233537,0,0,0,0,,70.00,1196.6,0,0,0,0,0,SATISFIABLE
maplesat,/scratch/z654liu/SAT2021-Main/5584cc467c09d0cab489238275c2b92e-sp5-21-15-one-stri-tree-noid.cnf,4618,2693621,4561450,1235383117,289474306,0,0,0,0,,77.00,609.328,0,0,0,0,0,SATISFIABLE
maplesat,/scratch/z654liu/SAT2021-Main/a7dc4646f1472f466a2c33340eb24bd5-sokoban-p20.sas.ex.13.cnf,1004,409209,4408339,6290282046,221935747,0,0,0,0,,896.00,4987.58,0,0,0,0,0,INDETERMINATE
maplesat,/scratch/z654liu/SAT2021-Main/e4d1892db27b721b88e5ee7e5987649f-quad_res_r33_m36.cnf,17070,11766615,14742306,11867824984,708601706,0,0,0,0,,106.00,4997.65,0,0,0,0,0,INDETERMINATE
maplesat,/scratch/z654liu/SAT2021-Main/d2528d707d36e76d0230ed6918c97345-sted5_0x1e3-120.cnf,3962,2010699,2998590,300324745,75142123,0,0,0,0,,34.00,175.748,0,0,0,0,0,SATISFIABLE
maplesat,/scratch/z654liu/SAT2021-Main/31311e688a1ec28c827c0878786e3c18-puzzle42_sat.cnf,22619,15096263,20688803,19337391428,552953426,0,0,0,0,,110.00,4996.96,0,0,0,0,0,INDETERMINATE
maplesat,/scratch/z654liu/SAT2021-Main/d7b38c8ead74ae705aa60b8771debda1-maxor128.cnf,6289,3638009,19210872,15881912503,429047475,0,0,0,0,,237.00,4996.6,0,0,0,0,0,INDETERMINATE
maplesat,/scratch/z654liu/SAT2021-Main/68cd50e5bfe00ca94867aa0dcf44055c-satch2ways15wu.cnf,32764,21635400,38027466,10372055429,1110116700,0,0,0,0,,178.00,4997.88,0,0,0,0,0,INDETERMINATE
maplesat,/scratch/z654liu/SAT2021-Main/faea4b579b0010b32f001ac4b5b9415a-rphp4_090_shuffled.cnf,67068,53154858,1373458612,3246982337,2429740735,0,0,0,0,,284.00,4998.35,0,0,0,0,0,INDETERMINATE
maplesat,/scratch/z654liu/SAT2021-Main/c52ad9f8fec393a1f4b421aa14af75d3-at-least-two-vmpc_26.cnf,3069,1586645,2756370,211793252,44490677,0,0,0,0,,37.00,84.1246,0,0,0,0,0,UNSATISFIABLE
maplesat,/scratch/z654liu/SAT2021-Main/cd60db7535dddb69068778af69e6a267-edit_distance035_393.cnf,22524,14917673,27698938,12690134349,909876762,0,0,0,0,,192.00,4997.19,0,0,0,0,0,INDETERMINATE
maplesat,/scratch/z654liu/SAT2021-Main/a97d498dd69d346aad64f3809b5ff160-quad_res_r32_m35.cnf,19397,13006309,15949009,12097970685,739318623,0,0,0,0,,109.00,5001.81,0,0,0,0,0,INDETERMINATE
maplesat,/scratch/z654liu/SAT2021-Main/c0c075a8f79bc59293c30651afc71b33-edit_distance025_449.cnf,26939,18061677,31696785,12484361362,1251999376,0,0,0,0,,137.00,4967.6,0,0,0,0,0,INDETERMINATE
maplesat,/scratch/z654liu/SAT2021-Main/e724ce11027976e35cfb8ca6881d741b-Sz1024_34824.smt2.cnf,16382,10330203,21559556,9058608600,707013252,0,0,0,0,,153.00,2618.59,0,0,0,0,0,SATISFIABLE
maplesat,/scratch/z654liu/SAT2021-Main/85088d2b8de94d088631498f619c1bd6-sum_of_3_cubes_52_bits_39.cnf,7753,4352887,5978546,17615497767,510889196,0,0,0,0,,89.00,4981.6,0,0,0,0,0,INDETERMINATE
maplesat,/scratch/z654liu/SAT2021-Main/9da32436de386f3b4f8e6ec1db552349-HCP-529-420.cnf,60410,42986454,261731279,8776651982,1883922698,0,0,0,0,,490.00,4978.09,0,0,0,0,0,INDETERMINATE
maplesat,/scratch/z654liu/SAT2021-Main/912b89dd471295d3c72c66d0192dff72-randomG-B-Mix-n18-d05.cnf,65535,50204952,55996095,2465820789,2199479500,0,0,0,0,,192.00,4995.84,0,0,0,0,0,INDETERMINATE
maplesat,/scratch/z654liu/SAT2021-Main/86173292a2c6a506acf27a81db853bb5-ktf_TF-7.tf_3_0.06_113.cnf,3458,1788962,3719034,7471757462,195828096,0,0,0,0,,115.00,1431.29,0,0,0,0,0,SATISFIABLE
maplesat,/scratch/z654liu/SAT2021-Main/65ff91568676064c74212779c46f6943-rphp4_080_shuffled.cnf,65535,52284747,1041105160,2749556203,2307462051,0,0,0,0,,261.00,4995,0,0,0,0,0,INDETERMINATE
maplesat,/scratch/z654liu/SAT2021-Main/a899e769ba329f5f952a38973adc0262-satch2ways13wu.cnf,1023,504896,942396,181095843,18024716,0,0,0,0,,20.00,58.2691,0,0,0,0,0,UNSATISFIABLE
maplesat,/scratch/z654liu/SAT2021-Main/6fbed10d0ff5bea497d26c08ad2f8009-scc_1213_40_10_3.apx_0.cnf,1054,521089,982767,15172330,299815240,0,0,0,0,,226.00,190.939,0,0,0,0,0,SATISFIABLE
maplesat,/scratch/z654liu/SAT2021-Main/e8209cd050c81226a57e93a0a83220d4-string_compare_safety_cbmc_unwinding_700.cnf,638,273076,13455048,8478347644,203999072,0,0,0,0,,2364.00,4978.93,0,0,0,0,0,INDETERMINATE
maplesat,/scratch/z654liu/SAT2021-Main/bcc62a99a3251d2ffbab83d65f8252a5-crafted_n12_d6_c3_num28.cnf,4582,2636389,3770214,4397405891,999111172,0,0,0,0,,534.00,1437.27,0,0,0,0,0,UNSATISFIABLE
maplesat,/scratch/z654liu/SAT2021-Main/715f24a25c666b1a4c9991b16b880ea6-HCP-506-60.cnf,6828,3875067,26565537,538618428,105046124,0,0,0,0,,116.00,220.457,0,0,0,0,0,SATISFIABLE
maplesat,/scratch/z654liu/SAT2021-Main/ae172b720ce980b1ec5337bfd7d5a8ff-LABS_n072_goal006.cnf,2047,1104788,1569156,14423245576,91411880,0,0,0,0,,146.00,4998.51,0,0,0,0,0,INDETERMINATE
maplesat,/scratch/z654liu/SAT2021-Main/cdf559a186b55457ce49516ec323e907-at-least-two-traffic_kkb_unknown.cnf,3034,1531927,7770057,375388527,32453288,0,0,0,0,,167.00,210.618,0,0,0,0,0,UNSATISFIABLE
maplesat,/scratch/z654liu/SAT2021-Main/613be3fce8fa3e517d10e292f0a2542d-string_compare_safety_cbmc_unwinding_690.cnf,675,284275,12291368,9002513566,204942046,0,0,0,0,,3251.00,4636.79,0,0,0,0,0,UNSATISFIABLE
maplesat,/scratch/z654liu/SAT2021-Main/8175dacde2d6517a91c1912847a34006-IBM_FV_2004_rule_batch_30_SAT_dat.k75.cnf,509,191629,905355,251852175,5611033,0,0,0,0,,91.00,73.5093,0,0,0,0,0,SATISFIABLE
maplesat,/scratch/z654liu/SAT2021-Main/18d4124324b56e434118f9ef72198d84-spg_300_300.cnf,653,278155,2798355,126483127,4189697,0,0,0,0,,300.00,41.0042,0,0,0,0,0,UNSATISFIABLE
maplesat,/scratch/z654liu/SAT2021-Main/78b4757f584ac49ad29c072fc02fabb2-ktf_TF-1.tf_4_0.06_101.cnf,10515,6565963,10882954,20086507781,603178337,0,0,0,0,,165.00,4997.53,0,0,0,0,0,INDETERMINATE
maplesat,/scratch/z654liu/SAT2021-Main/116bae11adddfa555f2e21f8ee678de5-randomG-n17-d05.cnf,79868,61390564,73480355,1215071731,2046548105,0,0,0,0,,166.00,4419.35,0,0,0,0,0,UNSATISFIABLE
maplesat,/scratch/z654liu/SAT2021-Main/fdfd5975c57d7cd2264ef6aff6cb4815-SE_PR_stb_588_138.apx_1.cnf,16638,11577708,14387517,2630902077,490119547,0,0,0,0,,59.00,2792.24,0,0,0,0,0,SATISFIABLE
maplesat,/scratch/z654liu/SAT2021-Main/77a0ff05f77e03cfe3261b41143edaa3-dist4.c.cnf,12797,8002545,9263643,7070570152,301607621,0,0,0,0,,57.00,2058.13,0,0,0,0,0,UNSATISFIABLE
maplesat,/scratch/z654liu/SAT2021-Main/916e8027cafecc698ed5404a005bc69f-SC21_Timetable_C_557_E_73_Cl_37_S_35.cnf,4095,2358283,1674752700,16364979344,105517551,0,0,0,0,,301.00,4994.02,0,0,0,0,0,INDETERMINATE
maplesat,/scratch/z654liu/SAT2021-Main/a04892664f2c13d2c191eb87ddc5405b-sted3_0x0_n201-239.cnf,16383,11379016,13613688,6768708137,566014103,0,0,0,0,,106.00,3694.63,0,0,0,0,0,SATISFIABLE
maplesat,/scratch/z654liu/SAT2021-Main/2a0f12ac393b2fb15f0dcc45c00e7434-sum_of_3_cubes_108_bits_52.cnf,5015,2843129,8003743,13075191654,423166182,0,0,0,0,,268.00,4995.48,0,0,0,0,0,INDETERMINATE
maplesat,/scratch/z654liu/SAT2021-Main/aa1061e9becd2894b95cac19ea1ca72a-test_v7_r12_vr1_c1_s10576.smt2.cnf,2429,1271020,4527511,6930260702,102846510,0,0,0,0,,299.00,2329.41,0,0,0,0,0,UNSATISFIABLE
maplesat,/scratch/z654liu/SAT2021-Main/9dd246543ae101f829b5cfc226473675-vlsat2_29736_3780419.dimacs.cnf,278,107040,290728,92115989,45803399,0,0,0,0,,305.00,29.4401,0,0,0,0,0,SATISFIABLE
maplesat,/scratch/z654liu/SAT2021-Main/2a6f21741efb8f8abbfdfe30f22ba9f8-Mycielski-11-hints-4.cnf,12413,7832285,10365618,3631599806,337628109,0,0,0,0,,348.00,1069.67,0,0,0,0,0,UNSATISFIABLE
maplesat,/scratch/z654liu/SAT2021-Main/ac909ca2e27006f71389b6afa605f4be-randomG-B-Mix-n19-d05.cnf,65535,52191827,60316593,2710973933,2345731055,0,0,0,0,,209.00,4991.11,0,0,0,0,0,INDETERMINATE
maplesat,/scratch/z654liu/SAT2021-Main/81bced94e5f672f0bb0bab7dd298d11c-toughsat_factoring_895s.cnf,7420,4193701,4701058,1546445704,151765526,0,0,0,0,,36.00,750.422,0,0,0,0,0,SATISFIABLE
maplesat,/scratch/z654liu/SAT2021-Main/31c4aacd83bfd2aa7a9762a5b463b992-MVD_ADS_S11_7_7.cnf,1,96,120,641,743,0,0,0,0,,57.00,0.199625,0,0,0,0,0,SATISFIABLE
maplesat,/scratch/z654liu/SAT2021-Main/ee3d0bbbe59d1d3d1a087df411d44626-sum_of_3_cubes_87_bits_75.cnf,6397,3680963,8209255,16827256508,497610534,0,0,0,0,,187.00,4996.67,0,0,0,0,0,INDETERMINATE
maplesat,/scratch/z654liu/SAT2021-Main/462664d89a909e25001e8861f3310210-20-100-frag12-14_sat.cnf,5117,2904746,6353683,1086608184,40929223,0,0,0,0,,87.00,268.895,0,0,0,0,0,SATISFIABLE
maplesat,/scratch/z654liu/SAT2021-Main/e6510ed99dc7c4549ac41772305d004b-sp5-21-15-one-nons-tree-noid.cnf,638,275342,755724,185777168,24375849,0,0,0,0,,20.00,52.733,0,0,0,0,0,SATISFIABLE
maplesat,/scratch/z654liu/SAT2021-Main/080896c437245ac25eb6d3ad6df12c4f-bv-term-small-rw_1492.smt2.cnf,85,23318,50137,12464909,1566344,0,0,0,0,,9.00,2.61049,0,0,0,0,0,SATISFIABLE
maplesat,/scratch/z654liu/SAT2021-Main/ef4508038f0220f285640f4f9f1da640-satch2ways18u.cnf,28962,19385202,36654433,10319760410,1567585301,0,0,0,0,,205.00,4991.98,0,0,0,0,0,INDETERMINATE
maplesat,/scratch/z654liu/SAT2021-Main/28792301119a25fb8edec6cde91eee21-sokoban-sequential-p145-microban-sequential.070-NOTKNOWN.cnf,2041,925984,5571571,3866842854,2306138616,0,0,0,0,,700.00,4995.03,0,0,0,0,0,INDETERMINATE
maplesat,/scratch/z654liu/SAT2021-Main/30c44e6084a893593d64d500551872cb-Circuit_multiplier34.cnf,8190,4768044,5533487,572518521,155356060,0,0,0,0,,59.00,796.829,0,0,0,0,0,SATISFIABLE
maplesat,/scratch/z654liu/SAT2021-Main/54abc3873dfe2570d3f5b7d3b712fa85-14pipe_q0_k.cnf,14198,8677975,171692063,19913857714,1934958034,0,0,0,0,,1065.00,4986.43,0,0,0,0,0,INDETERMINATE
maplesat,/scratch/z654liu/SAT2021-Main/47daef729bd4001c2b485b68a4c2ccb7-mp1-Nb7T44.cnf,32762,21394172,89364741,18145894028,6958905319,0,0,0,0,,461.00,4990.38,0,0,0,0,0,INDETERMINATE
maplesat,/scratch/z654liu/SAT2021-Main/22ede342b1973bf82c2c2106616cc8d9-at-least-two-aaai10-planning-ipc5-pipesworld-12-step15.cnf,638,273986,3629289,648627496,199733838,0,0,0,0,,279.00,337.334,0,0,0,0,0,UNSATISFIABLE
maplesat,/scratch/z654liu/SAT2021-Main/ddb3decfe4a53709806d60535bbb3de8-n320p5q2_n.apx_17.cnf,2047,1088359,1739072,76176264,175456919,0,0,0,0,,81.00,158.666,0,0,0,0,0,UNSATISFIABLE
maplesat,/scratch/z654liu/SAT2021-Main/b51ebbe57d4077a5fa43018ff3920588-20-100-frag12-53_sat.cnf,12285,7525080,15617510,3250700606,113779006,0,0,0,0,,128.00,921.941,0,0,0,0,0,SATISFIABLE
maplesat,/scratch/z654liu/SAT2021-Main/ecd91912911f079da6b66ee6afd8e716-crafted_n10_d6_c4_num21.cnf,1803,848044,1789404,1811596189,682557631,0,0,0,0,,605.00,808.974,0,0,0,0,0,UNSATISFIABLE
maplesat,/scratch/z654liu/SAT2021-Main/9a910a91c04c8626904f860e09aa74a3-mp1-klieber2017s-2000-022-eq.cnf,9221,5843353,6055360,11339698137,210664984,0,0,0,0,,61.00,2387.97,0,0,0,0,0,UNSATISFIABLE
maplesat,/scratch/z654liu/SAT2021-Main/5cd4201889cc2a8764ee86def29d8ffa-UCG-20-10p1-sc2009.cnf,1534,729769,1811467,9567191433,267488041,0,0,0,0,,353.00,4948.46,0,0,0,0,0,SATISFIABLE
maplesat,/scratch/z654liu/SAT2021-Main/d21b66364fecc9fc7aabbbb981274612-HCP-526-105.cnf,60990,43299133,217213720,8085264404,1893103481,0,0,0,0,,484.00,4978.62,0,0,0,0,0,INDETERMINATE
maplesat,/scratch/z654liu/SAT2021-Main/f746dae2050dd4aa48bcd53e8bd897b4-ex065_25.cnf,11476,7039667,22423342,11067504929,365585599,0,0,0,0,,126.00,2445.15,0,0,0,0,0,SATISFIABLE
maplesat,/scratch/z654liu/SAT2021-Main/1527378fc216e0506bf8b63d0fad56be-randomG-Mix-n18-d05.cnf,65535,50172588,59868386,2074473055,1983130289,0,0,0,0,,213.00,4997.94,0,0,0,0,0,INDETERMINATE
maplesat,/scratch/z654liu/SAT2021-Main/8226a866770c4e3da127e54ca0dbd496-SC21_Timetable_C_466_E_62_Cl_31_S_30.cnf,1533,715201,494835942,3718732363,29089894,0,0,0,0,,240.00,1255.3,0,0,0,0,0,SATISFIABLE
maplesat,/scratch/z654liu/SAT2021-Main/c3d8096db125f4bade48cfd0dcf441f3-SE_PR_stb_531_83.apx_1.cnf,6811,3872229,4921386,634354653,175291751,0,0,0,0,,56.00,528.525,0,0,0,0,0,SATISFIABLE
maplesat,/scratch/z654liu/SAT2021-Main/a4aa9ccc565c5cde0cfb5dfd9f4deaf4-Kakuro-easy-127-ext.xml.hg_7.cnf,1149,550848,4857311,693859461,12879862,0,0,0,0,,1406.00,407.472,0,0,0,0,0,SATISFIABLE
maplesat,/scratch/z654liu/SAT2021-Main/0041051c73dcdd885d412a38e8b09fba-rphp4_065_shuffled.cnf,54586,39156238,479306748,1594679865,1574350303,0,0,0,0,,220.00,3516.15,0,0,0,0,0,UNSATISFIABLE
maplesat,/scratch/z654liu/SAT2021-Main/7083b70c1976162e2693d7a493717ffd-battleship-14-26-sat.cnf,56878,40428591,49657174,975940646,5856951858,0,0,0,0,,478.00,4964.83,0,0,0,0,0,INDETERMINATE
maplesat,/scratch/z654liu/SAT2021-Main/c401fc09cf0d3fb666cd80dd38f9757d-Mycielski-11-hints-1.cnf,15993,9700244,12926685,3123047126,507014324,0,0,0,0,,349.00,1208.65,0,0,0,0,0,UNSATISFIABLE
maplesat,/scratch/z654liu/SAT2021-Main/4bed9fdbef6375a8c390006131d4e29c-sum_of_3_cubes_51_bits_80.cnf,6653,3817770,5260772,14031842685,371184620,0,0,0,0,,96.00,4993.96,0,0,0,0,0,INDETERMINATE
maplesat,/scratch/z654liu/SAT2021-Main/81392be4e5fc7aa2232c1f460321e0c6-string_compare_safety_cbmc_unwinding_680.cnf,636,264614,12465321,9271523577,143002220,0,0,0,0,,2317.00,4062.03,0,0,0,0,0,UNSATISFIABLE
maplesat,/scratch/z654liu/SAT2021-Main/263457bc6aafa3b1f5999bc2ddfe3caf-ktf_TF-4.tf_2_0.02_18.cnf,1020,423064,650470,1040787725,14899072,0,0,0,0,,22.00,190.481,0,0,0,0,0,UNSATISFIABLE
maplesat,/scratch/z654liu/SAT2021-Main/67df7bd97e841395a4c75281423986cf-ktf_TF-6.tf_4_0.06_77.cnf,15867,9654559,14372429,23400400742,685170012,0,0,0,0,,117.00,4997.63,0,0,0,0,0,INDETERMINATE
maplesat,/scratch/z654liu/SAT2021-Main/bf86868ef6662a4984e5d5504b01193e-string_compare_safety_cbmc_unwinding_930.cnf,511,230330,18468316,8142493562,210671252,0,0,0,0,,3010.00,4976.27,0,0,0,0,0,INDETERMINATE
maplesat,/scratch/z654liu/SAT2021-Main/aa6994af851710b3d1f485e87ba99f84-Nb51T6.cnf,509,186549,1410749,7502844919,5387762,0,0,0,0,,1032.00,4985.7,0,0,0,0,0,INDETERMINATE
maplesat,/scratch/z654liu/SAT2021-Main/430ba56a847b87445b66b9df28f14d05-20-100-lambda100-14_sat.cnf,3581,1866871,3658274,1152819138,32838022,0,0,0,0,,52.00,296.051,0,0,0,0,0,SATISFIABLE
maplesat,/scratch/z654liu/SAT2021-Main/36503f7af8c8352b64ec2104cd2499c5-Circuit_multiplier45.cnf,22525,14995171,17183626,2147239486,541908626,0,0,0,0,,110.00,4997.63,0,0,0,0,0,INDETERMINATE
maplesat,/scratch/z654liu/SAT2021-Main/7efdf72de31fa82aeceb7acbc29a59bf-vlsat2_113_1150.cnf,11,1632,7427,872064,388956,0,0,0,0,,51.00,0.390566,0,0,0,0,0,SATISFIABLE
maplesat,/scratch/z654liu/SAT2021-Main/316e22c7acf697be27514ffda0381ebc-2bitcomp_5.hg_20.cnf,13307,8216336,72849153,12403405017,499678260,0,0,0,0,,954.00,4980.01,0,0,0,0,0,INDETERMINATE
maplesat,/scratch/z654liu/SAT2021-Main/9e469bffc3f862d6321d84a4ef83969c-edit_distance019_312.cnf,32054,21029913,35575391,12041797327,1379319632,0,0,0,0,,153.00,4998.08,0,0,0,0,0,INDETERMINATE
maplesat,/scratch/z654liu/SAT2021-Main/02223564bd2f5c20768e63cf28c785e3-mp1-squ_ali_s10x10_c39_abio_SAT.cnf,638,272952,391649,49718999,7588734,0,0,0,0,,8.00,13.62,0,0,0,0,0,SATISFIABLE
maplesat,/scratch/z654liu/SAT2021-Main/e9bd4a210195e83cf64cae1aaf5a36a0-size_5_5_5_i251_r12.cnf,51197,37152857,48647190,8234250912,2185780191,0,0,0,0,,163.00,4995.7,0,0,0,0,0,INDETERMINATE
maplesat,/scratch/z654liu/SAT2021-Main/e59a9e69ce2967effc10fb6905609079-51.smt2.cnf,4095,2398766,4324248,9575585457,143024299,0,0,0,0,,77.00,1850.08,0,0,0,0,0,UNSATISFIABLE
maplesat,/scratch/z654liu/SAT2021-Main/3d8792b5f559f33ea583a09c33f683b1-puzzle34_sat.cnf,4094,2181638,3171238,2371340093,61517827,0,0,0,0,,44.00,446.19,0,0,0,0,0,SATISFIABLE
maplesat,/scratch/z654liu/SAT2021-Main/4a6a4f1f6c0d5adc639e823d1516ace5-at-least-two-traffic_f_unknown.cnf,3070,1597291,8083763,398953405,33658575,0,0,0,0,,190.00,247.995,0,0,0,0,0,UNSATISFIABLE
maplesat,/scratch/z654liu/SAT2021-Main/889f6aa7fd1664a350683f3de5f6a647-sp5-21-15-bin-stri-flat-noid.cnf,1534,719277,1422935,241510995,62856954,0,0,0,0,,43.00,95.8498,0,0,0,0,0,SATISFIABLE
maplesat,/scratch/z654liu/SAT2021-Main/314b63e5b44a2c441e10d197f797e18b-ak032modbtmodbtisc.cnf,16379,9908539,15064195,15925500721,1453876005,0,0,0,0,,191.00,4996.46,0,0,0,0,0,INDETERMINATE
maplesat,/scratch/z654liu/SAT2021-Main/1dce69ee6685597d6c56e5fd7a47f8e0-SC21_Timetable_C_136_E_41_Cl_9_S_15.cnf,55705,39823780,126544130,14568459429,3789698862,0,0,0,0,,288.00,4998.25,0,0,0,0,0,INDETERMINATE
maplesat,/scratch/z654liu/SAT2021-Main/6e297bdb1c3f957f6333c37804805ecb-spg_200_301.cnf,669,282386,2421781,148414674,4313791,0,0,0,0,,198.00,39.0337,0,0,0,0,0,UNSATISFIABLE
maplesat,/scratch/z654liu/SAT2021-Main/2a0b27b48cde394ba99cc0a0e3737fc6-mp1-Nb6T07.cnf,47816,33815424,39717009,7599565525,1039778000,0,0,0,0,,136.00,4998.58,0,0,0,0,0,INDETERMINATE
maplesat,/scratch/z654liu/SAT2021-Main/ef673597d33e9c4952ac883ceb96cbab-k2fix_gr_rcs_w8.shuffled.cnf,10238,6399477,9236827,2904132326,402293966,0,0,0,0,,111.00,1413.27,0,0,0,0,0,UNSATISFIABLE
maplesat,/scratch/z654liu/SAT2021-Main/4106867bc76b8794330a205cf8a303ad-bvsub_19952.smt2.cnf,2047,1054641,1238693043,16721054097,7070980,0,0,0,0,,275.00,4996.86,0,0,0,0,0,INDETERMINATE
maplesat,/scratch/z654liu/SAT2021-Main/22922a96c4bdac643b69069355c5db28-assoc_mult_err_3.c.cnf,1789,841448,1185061,928780914,28245766,0,0,0,0,,22.00,247.959,0,0,0,0,0,UNSATISFIABLE
maplesat,/scratch/z654liu/SAT2021-Main/9754fc1acf450ee2ed2083a211cfa487-stb_792_333.apx_0.cnf,15355,9362929,10985619,1941520754,442600459,0,0,0,0,,48.00,2186.53,0,0,0,0,0,SATISFIABLE
maplesat,/scratch/z654liu/SAT2021-Main/c5905895a64fbbfb8a60b18bf77b7054-puzzle60_sat.cnf,16380,10034569,18070521,19350401080,509712396,0,0,0,0,,117.00,4998.1,0,0,0,0,0,INDETERMINATE
maplesat,/scratch/z654liu/SAT2021-Main/1bb9929010e0c209f1e59dedba54d9ad-edit_distance023_282.cnf,26361,17638124,29309320,12196990024,970645398,0,0,0,0,,104.00,4998.49,0,0,0,0,0,INDETERMINATE
maplesat,/scratch/z654liu/SAT2021-Main/1575dcf4547f5854850b971013683c37-edit_distance007_85.cnf,32249,21113399,26769251,5667625813,648334003,0,0,0,0,,86.00,3002.91,0,0,0,0,0,UNSATISFIABLE
maplesat,/scratch/z654liu/SAT2021-Main/ac6256657058fe65dc7ddaf773ab83bf-SC21_Timetable_C_527_E_71_Cl_35_S_35.cnf,766,321810,348158998,1700278590,15883600,0,0,0,0,,277.00,548.653,0,0,0,0,0,SATISFIABLE
maplesat,/scratch/z654liu/SAT2021-Main/7eb9c20f8abef093eeb2bcd69e709b95-string_compare_safety_cbmc_unwinding_600.cnf,511,218738,7931449,6464753466,204568919,0,0,0,0,,2766.00,4005.51,0,0,0,0,0,UNSATISFIABLE
maplesat,/scratch/z654liu/SAT2021-Main/c8cff3ad0f176e153b5073725fed1bd1-ndhf_xits_09_UNSAT.cnf,32767,23939093,31872340,5069294690,1240697051,0,0,0,0,,186.00,4995.36,0,0,0,0,0,INDETERMINATE
maplesat,/scratch/z654liu/SAT2021-Main/557d7d4db5399188f62bc39598c6d868-mp1-Nb7T46.cnf,28825,19317979,85121773,16891115670,6521026661,0,0,0,0,,591.00,4980.08,0,0,0,0,0,INDETERMINATE
maplesat,/scratch/z654liu/SAT2021-Main/eb92c7c6b92379e55b91bc764632d65e-crafted_n10_d6_c4_num15.cnf,1534,736825,1482447,1829428871,465605748,0,0,0,0,,602.00,615.086,0,0,0,0,0,UNSATISFIABLE
maplesat,/scratch/z654liu/SAT2021-Main/a1ec978756e656638b7e34cef5ecaf6d-quad_res_r26_m27.cnf,21370,14308287,16092974,9789721970,599478266,0,0,0,0,,88.00,4998.99,0,0,0,0,0,INDETERMINATE
maplesat,/scratch/z654liu/SAT2021-Main/14c33d4be35ed33f2c67498f8334993f-sted5_0x24204-70.cnf,32766,22918780,29316053,4277620210,1182088882,0,0,0,0,,128.00,4998.48,0,0,0,0,0,INDETERMINATE
maplesat,/scratch/z654liu/SAT2021-Main/083030713683d8ab8e1d54372f241863-Kakuro-easy-089-ext.xml.hg_4.cnf,1529,693671,3680632,514909591,13624759,0,0,0,0,,823.00,268.793,0,0,0,0,0,SATISFIABLE
maplesat,/scratch/z654liu/SAT2021-Main/004b0f451f7d96f6a572e9e76360f51a-spg_420_280.cnf,1022,451248,5891898,209093529,6676036,0,0,0,0,,401.00,64.1206,0,0,0,0,0,UNSATISFIABLE
maplesat,/scratch/z654liu/SAT2021-Main/89656622f153983b0415cef2aadaadee-sp5-26-19-una-nons-tree-noid.cnf,20478,13888657,28724556,8305175314,1269357273,0,0,0,0,,124.00,4996.81,0,0,0,0,0,INDETERMINATE
maplesat,/scratch/z654liu/SAT2021-Main/7adc1ade3384505af00ff8f7be23f5bd-ex175_20.cnf,511,211776,5166253,1113414327,6334182,0,0,0,0,,1065.00,377.746,0,0,0,0,0,SATISFIABLE
maplesat,/scratch/z654liu/SAT2021-Main/7853e2d2e64015f2aa08678e5c43a339-vlsat2_702_14170.cnf,4505,2613223,11652075,3457807777,2266619664,0,0,0,0,,1682.00,1556.82,0,0,0,0,0,SATISFIABLE
maplesat,/scratch/z654liu/SAT2021-Main/1c35c510ad106bfcdbc76ff49e710ce6-ER_500_40_2.apx_0.cnf,1949,899843,1548446,78066869,103847201,0,0,0,0,,58.00,147.601,0,0,0,0,0,UNSATISFIABLE
maplesat,/scratch/z654liu/SAT2021-Main/8aa8fac9f1e094ea4c30a40450c04c3a-sokoban-p16.sas.ex.19-sc2016.cnf,510,196336,2830282,3122654244,94655967,0,0,0,0,,1203.00,4986.61,0,0,0,0,0,INDETERMINATE
maplesat,/scratch/z654liu/SAT2021-Main/d5325d628ea6ed001c5a99971b58deae-uum32.smt2.cnf,6586,3750781,5378848,19525694381,467807700,0,0,0,0,,143.00,4997.45,0,0,0,0,0,INDETERMINATE
maplesat,/scratch/z654liu/SAT2021-Main/1ce81dbba1292bf791e194b17aa2a219-satch2ways15u.cnf,29834,19833906,34760008,9494652628,1023265632,0,0,0,0,,166.00,4998.14,0,0,0,0,0,INDETERMINATE
maplesat,/scratch/z654liu/SAT2021-Main/942f082cc964537c8a03a8a926ea6c4a-crafted_n12_d6_c4_num17.cnf,4095,2370790,3957158,4927748470,1599540039,0,0,0,0,,905.00,2266.1,0,0,0,0,0,UNSATISFIABLE
maplesat,/scratch/z654liu/SAT2021-Main/9e35558ea8ffba630cd8c8f90e14af14-string_compare_safety_cbmc_unwinding_730.cnf,593,253688,13844695,8214474936,223305551,0,0,0,0,,2379.00,4978.59,0,0,0,0,0,INDETERMINATE
maplesat,/scratch/z654liu/SAT2021-Main/3dd4302478db90092c889a6db40ada5c-sum_of_3_cubes_42_bits_96.cnf,8191,5120783,6156560,15590332299,368414535,0,0,0,0,,90.00,4997.56,0,0,0,0,0,INDETERMINATE
maplesat,/scratch/z654liu/SAT2021-Main/e7736f693835ebec4ced74ad3c146e81-WS_300_24_90_10.apx_0.cnf,1132,542595,695255,69537273,19523765,0,0,0,0,,13.00,45.0083,0,0,0,0,0,UNSATISFIABLE
maplesat,/scratch/z654liu/SAT2021-Main/3334919f6e241ce87c5b91ed90fc0c1c-edit_distance031_284.cnf,24574,16702151,26872051,11259970615,779443962,0,0,0,0,,145.00,4998.63,0,0,0,0,0,INDETERMINATE
maplesat,/scratch/z654liu/SAT2021-Main/03ba29d5cb38d345357a74a7b5ccd759-20-100-lambda100-49_sat.cnf,2046,975115,2234872,647940474,22907946,0,0,0,0,,39.00,157.967,0,0,0,0,0,SATISFIABLE
maplesat,/scratch/z654liu/SAT2021-Main/cac3197a79f7b0166f8a22367b86c02a-sp5-21-15-una-nons-tree-noid.cnf,1022,459250,1051573,269445777,47628504,0,0,0,0,,30.00,89.9038,0,0,0,0,0,SATISFIABLE
maplesat,/scratch/z654liu/SAT2021-Main/86f1d4b3e7609f8a9ce8ac2a0a7aaa96-size_5_5_5_i223_r12.cnf,49661,36285211,47030384,8273683239,2173052182,0,0,0,0,,167.00,4995.22,0,0,0,0,0,INDETERMINATE
maplesat,/scratch/z654liu/SAT2021-Main/5f0edef6cc45f7e7157c4b3dee4cb88a-string_compare_safety_cbmc_unwinding_630.cnf,511,224949,9286774,7290233870,205038513,0,0,0,0,,3143.00,4061.1,0,0,0,0,0,UNSATISFIABLE
maplesat,/scratch/z654liu/SAT2021-Main/5ea9d54e4eb8eeab1ff058471b9c83ca-sp4-33-one-nons-flat-noid.cnf,1348,635636,798820,41221789,83965412,0,0,0,0,,79.00,92.2331,0,0,0,0,0,SATISFIABLE
maplesat,/scratch/z654liu/SAT2021-Main/e353e7a4a49333e69e21ce21289f3983-quad_res_r21_m22.cnf,1150,556739,696103,240907301,19223578,0,0,0,0,,17.00,75.2258,0,0,0,0,0,SATISFIABLE
maplesat,/scratch/z654liu/SAT2021-Main/d32d87afa368dcdcc2dfef18573e39f4-E02F17.cnf,1022,443216,762401,128425666,30243535,0,0,0,0,,24.00,34.6064,0,0,0,0,0,UNSATISFIABLE
maplesat,/scratch/z654liu/SAT2021-Main/4a669e0b7acaad9901925292aa5aeccd-143.smt2.cnf,4095,2407918,5846401,18037511442,240759554,0,0,0,0,,255.00,4996.3,0,0,0,0,0,INDETERMINATE
maplesat,/scratch/z654liu/SAT2021-Main/d765837689ffb1173943095f2fc42b96-Kakuro-easy-045-ext.xml.hg_4.cnf,19708,13222681,24457063,8880526884,551586316,0,0,0,0,,345.00,4991.41,0,0,0,0,0,INDETERMINATE
maplesat,/scratch/z654liu/SAT2021-Main/135eb593af65aa579aede02fd289a6f9-Mycielski-10-hints-8.cnf,48855,34330293,73042642,9808096472,3798479974,0,0,0,0,,263.00,4979.78,0,0,0,0,0,INDETERMINATE
maplesat,/scratch/z654liu/SAT2021-Main/47752d6f7fca7e1caae7aa0d0138c067-pb_300_06_lb_02.cnf,443,161092,434471,308974207,27727332,0,0,0,0,,160.00,105.358,0,0,0,0,0,SATISFIABLE
maplesat,/scratch/z654liu/SAT2021-Main/a9c0f64594a3eaede246b31eb3bc839b-mp1-Nb6T06.cnf,4605,2661150,3095552,563157281,60620447,0,0,0,0,,28.00,213.498,0,0,0,0,0,UNSATISFIABLE
maplesat,/scratch/z654liu/SAT2021-Main/ceed053b7c2e91dd761169faba1a5193-puzzle35_unsat.cnf,9439,5916438,7749674,7930324874,167168131,0,0,0,0,,64.00,2069.37,0,0,0,0,0,UNSATISFIABLE
maplesat,/scratch/z654liu/SAT2021-Main/c1484d43c95d76184dbe50ac5fc98854-satch2ways17w.cnf,24844,16917443,23039112,8170739904,1203217965,0,0,0,0,,189.00,4994.15,0,0,0,0,0,INDETERMINATE
maplesat,/scratch/z654liu/SAT2021-Main/3859d592ef722f4f6e6a204a8f7fb30e-20-100-frag12-32_sat.cnf,33797,25112638,51498011,12192212782,429111486,0,0,0,0,,243.00,4992.73,0,0,0,0,0,INDETERMINATE
maplesat,/scratch/z654liu/SAT2021-Main/cc5c7c695cbb6f78c1af80b3e5471db3-ak016modbtsimpbisc.cnf,26193,17576137,20594714,13358147684,1043011105,0,0,0,0,,117.00,5002.98,0,0,0,0,0,INDETERMINATE
maplesat,/scratch/z654liu/SAT2021-Main/21fbe69cf7c0b41e205b52d970f9a43a-string_compare_safety_cbmc_unwinding_870.cnf,511,205595,12408445,6608976112,267596038,0,0,0,0,,2658.00,4980.04,0,0,0,0,0,INDETERMINATE
maplesat,/scratch/z654liu/SAT2021-Main/0c4355730d11bb18582d00f7266fdf27-puzzle34_unsat.cnf,8591,5482172,6996014,8864914287,174428446,0,0,0,0,,65.00,2123.82,0,0,0,0,0,UNSATISFIABLE
maplesat,/scratch/z654liu/SAT2021-Main/cf5f4eb714cab56ce430af77d26e1a6e-MVD_ADS_S10_5_6.cnf,8,1269,1593,19154,7877,0,0,0,0,,43.00,0.390567,0,0,0,0,0,UNSATISFIABLE
maplesat,/scratch/z654liu/SAT2021-Main/cc4ca544efe70ed7942a110b7e89dfd5-HCP-526-420.cnf,53841,38792574,218264791,8311516989,1730762569,0,0,0,0,,469.00,4976.69,0,0,0,0,0,INDETERMINATE
maplesat,/scratch/z654liu/SAT2021-Main/c7cd1be9f812c99e94827cb361d693fc-b2005-p1-14x14c17h9-Ser3-0.cnf,2047,1043787,4844689,8253614559,134679396,0,0,0,0,,1644.00,4984.23,0,0,0,0,0,INDETERMINATE
maplesat,/scratch/z654liu/SAT2021-Main/198f94ece5fdc9536a28afc3063bdcf6-quad_res_r29_m32.cnf,19707,13208511,15852411,10794695368,685122411,0,0,0,0,,103.00,4998.45,0,0,0,0,0,INDETERMINATE
maplesat,/scratch/z654liu/SAT2021-Main/c7a473fd916048e8d98f012294074328-edit_distance023_283.cnf,24605,16819958,27505888,11482068011,913864140,0,0,0,0,,105.00,4990.44,0,0,0,0,0,INDETERMINATE
maplesat,/scratch/z654liu/SAT2021-Main/b655faa69774192a80d9e2a2bc602ce4-Kakuro-easy-115-ext.xml.hg_5.cnf,797,341260,1419660,364534702,7097508,0,0,0,0,,1466.00,239.772,0,0,0,0,0,SATISFIABLE
maplesat,/scratch/z654liu/SAT2021-Main/977dad9d1bfc9de725a4bbf65b407c77-MVD_ADS_S11_6_7.cnf,3,371,468,4745,3251,0,0,0,0,,59.00,0.253934,0,0,0,0,0,SATISFIABLE
maplesat,/scratch/z654liu/SAT2021-Main/eb09e5484eaf494d6c1abe60c5b38b7e-sp5-26-19-bin-nons-tree-noid.cnf,24574,16419970,32125074,9391852493,1340824312,0,0,0,0,,137.00,4976.93,0,0,0,0,0,INDETERMINATE
maplesat,/scratch/z654liu/SAT2021-Main/36c02f64976f4c45a9e6bfb361d08316-edit_distance031_283.cnf,25295,17111753,27578748,11381736702,751934021,0,0,0,0,,120.00,4997.04,0,0,0,0,0,INDETERMINATE
maplesat,/scratch/z654liu/SAT2021-Main/74acaa627ddc5fdab40d62172f56a827-snw_13_8_pre-sc2016.cnf,6300,3640623,4849753,6940865321,125172508,0,0,0,0,,89.00,2228.49,0,0,0,0,0,UNSATISFIABLE
maplesat,/scratch/z654liu/SAT2021-Main/e6f6a122f3988097a98995bfb7e1d1bb-mp1-klieber2017s-1200-022-eq.cnf,10107,6216974,6477739,8603605462,194067691,0,0,0,0,,34.00,1962.85,0,0,0,0,0,UNSATISFIABLE
maplesat,/scratch/z654liu/SAT2021-Main/a0585897e79756b9624673592d13ee06-spg_200_317.cnf,2706,1407252,10965510,759469263,29199658,0,0,0,0,,364.00,269.596,0,0,0,0,0,UNSATISFIABLE
maplesat,/scratch/z654liu/SAT2021-Main/09d8544494e54bc756438e69567b4ba7-mp1-klieber2017s-0300-034-t12.cnf,9631,5998700,6588114,18701669936,237628348,0,0,0,0,,62.00,4998.78,0,0,0,0,0,INDETERMINATE
maplesat,/scratch/z654liu/SAT2021-Main/34c4f43536cffc580a87e655b4100332-79.smt2.cnf,4095,2447260,4659742,16268169271,259365492,0,0,0,0,,110.00,4997.97,0,0,0,0,0,INDETERMINATE
maplesat,/scratch/z654liu/SAT2021-Main/7e36c51e4ba07b5d291864732d105a36-Mycielski-10-hints-9.cnf,50793,36851026,80335107,10726314176,3627622074,0,0,0,0,,270.00,4982.49,0,0,0,0,0,INDETERMINATE
maplesat,/scratch/z654liu/SAT2021-Main/b5028686db9bd1073fa09cbd8c805f47-spg_200_316.cnf,970,399575,3785712,130894183,6589118,0,0,0,0,,224.00,39.4601,0,0,0,0,0,UNSATISFIABLE
maplesat,/scratch/z654liu/SAT2021-Main/f157df1208c06caaa5cf11371704b87b-edit_distance041_182.cnf,2047,1102549,2312443,990890998,38100249,0,0,0,0,,74.00,358.11,0,0,0,0,0,UNSATISFIABLE
maplesat,/scratch/z654liu/SAT2021-Main/07c3cce524e2b85d8315ac4397ef08c4-puzzle47_sat.cnf,23675,15622995,22656986,23037338362,602333343,0,0,0,0,,113.00,4997.94,0,0,0,0,0,INDETERMINATE
maplesat,/scratch/z654liu/SAT2021-Main/53c21f3e78f060883026b5a12ba691d8-maximum_constrained_partition_14_bits_n200.cnf,766,325778,1296505,126442633,8845584,0,0,0,0,,31.00,36.7127,0,0,0,0,0,SATISFIABLE
maplesat,/scratch/z654liu/SAT2021-Main/9ccbe08418189ca1e7ee284564359d4d-LABS_n089_goal008.cnf,1404,651860,999529,11687963809,66318287,0,0,0,0,,211.00,4998.12,0,0,0,0,0,INDETERMINATE
maplesat,/scratch/z654liu/SAT2021-Main/2dd2843e84e1c73b9a3fd45d4f13a2fa-ktf_TF-3.tf_2_0.02_24.cnf,12057,7314821,11426544,22927889223,337046560,0,0,0,0,,96.00,4998.78,0,0,0,0,0,INDETERMINATE
maplesat,/scratch/z654liu/SAT2021-Main/375b0bb96005020dea369b22f85ed8f5-shift1add.26949.cnf,286,109306,1583462392,5806494533,197705,0,0,0,0,,156.00,1376.7,0,0,0,0,0,UNSATISFIABLE
maplesat,/scratch/z654liu/SAT2021-Main/13538df69c3bc26707750ba55d90c9b0-blocks-blocks-37-1.130-NOTKNOWN.cnf,510,199758,1076148,2013434310,347749287,0,0,0,0,,1751.00,1785.33,0,0,0,0,0,UNSATISFIABLE
maplesat,/scratch/z654liu/SAT2021-Main/6598c721af124c67457841260ea66462-MVD_ADS_S7_6_6.cnf,10,1600,2012,26259,9918,0,0,0,0,,73.00,0.824784,0,0,0,0,0,UNSATISFIABLE
maplesat,/scratch/z654liu/SAT2021-Main/bdc4dfc5ebf0274dcb18dd236773fcfa-sum_of_3_cubes_94_bits_30.cnf,5629,3180217,7969594,13492118593,444973976,0,0,0,0,,225.00,4993.89,0,0,0,0,0,INDETERMINATE
maplesat,/scratch/z654liu/SAT2021-Main/67527c9e506ffa65596f017547164a49-dist10.c.cnf,4095,2344474,2854007,2550047247,109197558,0,0,0,0,,41.00,654.368,0,0,0,0,0,UNSATISFIABLE
maplesat,/scratch/z654liu/SAT2021-Main/57ed70b2b94469babf71c5ee4290800e-edit_distance025_448.cnf,24574,16683577,29086940,11293293909,1188502960,0,0,0,0,,122.00,4994.99,0,0,0,0,0,INDETERMINATE
maplesat,/scratch/z654liu/SAT2021-Main/1a3400dc32a3859afb20566a4ded9606-ACG-15-10p1.cnf,762,309384,793419,4332651432,93594721,0,0,0,0,,338.00,2081.11,0,0,0,0,0,SATISFIABLE
maplesat,/scratch/z654liu/SAT2021-Main/b2c92aebc75da8a15a5388b559b85623-sp4-33-una-stri-flat-noid.cnf,4315,2531547,3013114,137853485,327874881,0,0,0,0,,127.00,701.28,0,0,0,0,0,UNSATISFIABLE
maplesat,/scratch/z654liu/SAT2021-Main/1b8c45c42a818db8f62bcbfd6f52c881-sp5-21-15-bin-stri-tree-noid.cnf,2985,1516395,2720823,644490114,145844190,0,0,0,0,,51.00,290.106,0,0,0,0,0,SATISFIABLE
maplesat,/scratch/z654liu/SAT2021-Main/a3eaa99154b0f1668f8593264e6e304d-MVD_ADS_S11_8_7.cnf,1,96,122,641,743,0,0,0,0,,58.00,0.20013,0,0,0,0,0,SATISFIABLE
maplesat,/scratch/z654liu/SAT2021-Main/22505280326ec66ba807b8b4edc48e1a-Circuit_multiplier18.cnf,25084,17013720,19273911,2209486407,607660513,0,0,0,0,,95.00,4998.25,0,0,0,0,0,INDETERMINATE
maplesat,/scratch/z654liu/SAT2021-Main/f293dc11e842227dd1a49fe1571bcb8b-mp1-tri_ali_s11_c35_abix_UNS.cnf,2046,1023449,1225587,131784908,19110920,0,0,0,0,,12.00,51.8265,0,0,0,0,0,UNSATISFIABLE
maplesat,/scratch/z654liu/SAT2021-Main/7a044c997ede14d00002f1db39d45170-sum_of_3_cubes_37_bits_87.cnf,10683,6621636,7519556,18083951100,492381106,0,0,0,0,,104.00,4998.26,0,0,0,0,0,INDETERMINATE
maplesat,/scratch/z654liu/SAT2021-Main/6928072ce36429a1c094d89d333488a6-erin2_0x0-379.cnf,1532,702275,1035153,147988101,20124579,0,0,0,0,,22.00,63.2402,0,0,0,0,0,SATISFIABLE
maplesat,/scratch/z654liu/SAT2021-Main/31e9cd07f730b20faa7c3d0f1ba2ea2e-b04_s_unknown_pre.cnf,511,220763,1486651,439633836,11402745,0,0,0,0,,109.00,154.257,0,0,0,0,0,SATISFIABLE
maplesat,/scratch/z654liu/SAT2021-Main/9ea8deb8313d93e60743638909f37d6c-Circuit_multiplier29.cnf,24574,16400508,18497114,2144219623,578866453,0,0,0,0,,86.00,4985.18,0,0,0,0,0,INDETERMINATE
maplesat,/scratch/z654liu/SAT2021-Main/603a2d6f8962be577c6609e70296b8ee-string_compare_safety_cbmc_unwinding_940.cnf,537,235567,17796138,7092567863,418116975,0,0,0,0,,3600.00,4960.24,0,0,0,0,0,INDETERMINATE
maplesat,/scratch/z654liu/SAT2021-Main/5c34b6844ed6a3fc57dccfc414af2851-SC21_Timetable_C_136_E_36_Cl_9_S_15.cnf,47100,33430550,119022263,12724958149,3302335065,0,0,0,0,,278.00,4987.01,0,0,0,0,0,INDETERMINATE
maplesat,/scratch/z654liu/SAT2021-Main/9a296539e33398c9ae36663371a63b39-randomG-Mix-n17-d05.cnf,65533,47396237,53943929,1908462029,1784795157,0,0,0,0,,163.00,4993.46,0,0,0,0,0,INDETERMINATE
maplesat,/scratch/z654liu/SAT2021-Main/0c75119940f87f2bc1dc3f53aeedc02b-20-100-lambda100-89_sat.cnf,17406,11953396,21160102,8122478086,259890949,0,0,0,0,,86.00,2597.37,0,0,0,0,0,SATISFIABLE
maplesat,/scratch/z654liu/SAT2021-Main/91e0db01b254eb78f6643328045bfeb9-sted5_0x1e3-20.cnf,42235,30533784,44345415,5638351411,2096296479,0,0,0,0,,143.00,4997.93,0,0,0,0,0,INDETERMINATE
maplesat,/scratch/z654liu/SAT2021-Main/a3d7585b12914a97d9c11d65897194b9-20-100-lambda100-47_unsat.cnf,28152,18640683,32585961,13795203256,433085115,0,0,0,0,,130.00,4998.52,0,0,0,0,0,INDETERMINATE
maplesat,/scratch/z654liu/SAT2021-Main/8bf857909f1117a9e29a4788bf77d485-ctl_4291_567_11_unsat.cnf,32376,21180861,26111465,13304023220,419733899,0,0,0,0,,121.00,4996.52,0,0,0,0,0,INDETERMINATE
maplesat,/scratch/z654liu/SAT2021-Main/51925dbfcd5534b312265098fd439b12-bvsdiv_19.smt2.cnf,20478,13884188,15841324,8495812785,825951354,0,0,0,0,,128.00,4998.37,0,0,0,0,0,INDETERMINATE
maplesat,/scratch/z654liu/SAT2021-Main/8ba338c1cc39e717d6dd4f2bdbc3fb83-at-least-two-hwmcc10-timeframe-expansion-k50-pdtviseisenberg2-tseitin.cnf,1023,509602,5395447,1936738338,19458158,0,0,0,0,,181.00,1228.81,0,0,0,0,0,UNSATISFIABLE
maplesat,/scratch/z654liu/SAT2021-Main/d2ec1de194269f98dff6608ff097d031-vlsat2_111_1186.cnf,59,13150,38529,6973219,2983966,0,0,0,0,,81.00,1.94861,0,0,0,0,0,SATISFIABLE
maplesat,/scratch/z654liu/SAT2021-Main/064ba3c61c5f105104edec8305853711-puzzle35_sat.cnf,16382,10466107,13263096,16163196091,341608134,0,0,0,0,,77.00,4068.24,0,0,0,0,0,SATISFIABLE
maplesat,/scratch/z654liu/SAT2021-Main/af0b8f58d67dcf639232ac978defe6e3-sted1_0x1e3-393.cnf,32765,21893233,35697237,10377268881,1593352633,0,0,0,0,,142.00,4988.31,0,0,0,0,0,INDETERMINATE
maplesat,/scratch/z654liu/SAT2021-Main/8e27e1a8a840eb474fe3f07108bcf4c5-SC21_Timetable_C_181_E_34_Cl_12_S_4.cnf,28665,18874782,201183003,21532803984,3202912281,0,0,0,0,,296.00,4986.3,0,0,0,0,0,INDETERMINATE
maplesat,/scratch/z654liu/SAT2021-Main/41d15591fed06eb2e4e2f9ace5de25e9-ktf_TF-4.tf_4_0.04_35.cnf,14311,8717354,12796389,27511032926,253397916,0,0,0,0,,96.00,4986.6,0,0,0,0,0,INDETERMINATE
maplesat,/scratch/z654liu/SAT2021-Main/519ec7e2da48149991957836b84dda06-crafted_n11_d6_c4_num14.cnf,5155,2981635,4582014,6718253855,2411356267,0,0,0,0,,854.00,3142.25,0,0,0,0,0,UNSATISFIABLE
maplesat,/scratch/z654liu/SAT2021-Main/dbbd977e78d2e6a9d2d83c5077597591-Kakuro-easy-118-ext.xml.hg_4.cnf,829,351328,1361401,283028927,6460275,0,0,0,0,,918.00,134.182,0,0,0,0,0,SATISFIABLE
maplesat,/scratch/z654liu/SAT2021-Main/b8debf719be5558b319002cc9c2faf18-barman-pfile10-040.sas.ex.15.cnf,105,28954,263664,70574942,6766090,0,0,0,0,,467.00,54.032,0,0,0,0,0,UNSATISFIABLE
maplesat,/scratch/z654liu/SAT2021-Main/9c2e734d6c0faeef8a89aa84436fc42d-satch2ways19u.cnf,28669,19117124,36924788,10379241153,1730163859,0,0,0,0,,191.00,4990.94,0,0,0,0,0,INDETERMINATE
maplesat,/scratch/z654liu/SAT2021-Main/70903c09156674cc1b0c35794cfe3d06-20-100-lambda100-14_unsat.cnf,2811,1439229,2761954,899601524,25388940,0,0,0,0,,39.00,240.258,0,0,0,0,0,UNSATISFIABLE
maplesat,/scratch/z654liu/SAT2021-Main/6c34b7032712e16b08d97a0449d610e2-puzzle30_sat.cnf,6142,3508281,4512952,5138203038,100953797,0,0,0,0,,43.00,1158.5,0,0,0,0,0,SATISFIABLE
maplesat,/scratch/z654liu/SAT2021-Main/5952b9f18b73dabb531c60e3ac85d26f-ctl_4291_567_9_unsat.cnf,7919,4408392,5372578,2035329545,86623546,0,0,0,0,,63.00,642.991,0,0,0,0,0,UNSATISFIABLE
maplesat,/scratch/z654liu/SAT2021-Main/e02cc08183436cf370b565fbf365f3fe-Circuit_multiplier26.cnf,24571,16045198,18328062,1700210798,581435395,0,0,0,0,,109.00,4997.82,0,0,0,0,0,INDETERMINATE
maplesat,/scratch/z654liu/SAT2021-Main/5b4b384351127c913bd3941bc63f790f-quad_res_r35_m36.cnf,17406,11950535,15035613,11569048763,707386589,0,0,0,0,,87.00,4998.09,0,0,0,0,0,INDETERMINATE
maplesat,/scratch/z654liu/SAT2021-Main/115fa7f61704bc12b2373aa471bc434f-Circuit_multiplier24.cnf,27644,18424139,21488348,1977816775,661414012,0,0,0,0,,96.00,4998.17,0,0,0,0,0,INDETERMINATE
maplesat,/scratch/z654liu/SAT2021-Main/0d4b99f6d05c9e993ea8655d355fa3b3-vlsat2_112_4223.cnf,25597,17329704,23033352,17809458384,1761635502,0,0,0,0,,451.00,4980.41,0,0,0,0,0,INDETERMINATE
maplesat,/scratch/z654liu/SAT2021-Main/564a68fffd2affabc1586d24a07b6c16-Mycielski-11-hints-2.cnf,14800,9089885,11971457,2987847024,444980203,0,0,0,0,,350.00,1040.05,0,0,0,0,0,UNSATISFIABLE
maplesat,/scratch/z654liu/SAT2021-Main/a8c6f24ce9bc4ae6953763a82835e2d4-quad_res_r31_m35.cnf,20476,13584767,16655219,11977456716,735992059,0,0,0,0,,112.00,4998.63,0,0,0,0,0,INDETERMINATE
maplesat,/scratch/z654liu/SAT2021-Main/d4a914e3e257179e39ec493a7d7b1140-ktf_TF-4.tf_4_0.06_52.cnf,16382,10524346,16339171,24760967887,487666316,0,0,0,0,,114.00,4997.6,0,0,0,0,0,INDETERMINATE
